Model,Memory,Task,Trial,Invokes,Toolcalls,Belief,Truth,Accuracy,Stopped
qwen3-coder-480b-a35b-instruct,0,1,1,1,20,1,1,1,0
qwen3-coder-480b-a35b-instruct,0,2,1,1,21,1,1,1,0
qwen3-coder-480b-a35b-instruct,1,1,1,1,19,1,1,1,0
qwen3-coder-480b-a35b-instruct,1,2,1,10,4,0,0,1,1
qwen3-coder-480b-a35b-instruct,2,1,1,1,20,1,1,1,0
qwen3-coder-480b-a35b-instruct,2,2,1,3,14,1,1,1,0
qwen3-coder-480b-a35b-instruct,3,1,1,1,15,1,1,1,0
qwen3-coder-480b-a35b-instruct,3,2,1,10,1,0,0,1,1
qwen3-coder-480b-a35b-instruct,0,1,2,1,12,1,0,0,0
qwen3-coder-480b-a35b-instruct,1,1,2,1,11,1,0,0,0
qwen3-coder-480b-a35b-instruct,2,1,2,1,11,1,0,0,0
qwen3-coder-480b-a35b-instruct,3,1,2,1,11,1,0,0,0
qwen3-coder-480b-a35b-instruct,0,1,3,1,18,1,1,1,0
qwen3-coder-480b-a35b-instruct,0,2,3,2,28,1,1,1,0
qwen3-coder-480b-a35b-instruct,1,1,3,1,15,1,1,1,0
qwen3-coder-480b-a35b-instruct,1,2,3,2,17,1,1,1,0
qwen3-coder-480b-a35b-instruct,2,1,3,1,15,1,1,1,0
qwen3-coder-480b-a35b-instruct,2,2,3,10,1,0,0,1,1
qwen3-coder-480b-a35b-instruct,3,1,3,1,15,1,1,1,0
qwen3-coder-480b-a35b-instruct,3,2,3,10,1,0,0,1,1
qwen3-coder-480b-a35b-instruct,0,1,4,1,21,1,1,1,0
qwen3-coder-480b-a35b-instruct,0,2,4,1,37,1,1,1,0
qwen3-coder-480b-a35b-instruct,1,1,4,1,17,1,1,1,0
qwen3-coder-480b-a35b-instruct,1,2,4,2,22,1,1,1,0
qwen3-coder-480b-a35b-instruct,2,1,4,1,16,1,1,1,0
qwen3-coder-480b-a35b-instruct,2,2,4,10,5,0,0,1,1
qwen3-coder-480b-a35b-instruct,3,1,4,1,15,1,1,1,0
qwen3-coder-480b-a35b-instruct,3,2,4,2,12,1,1,1,0
qwen3-coder-480b-a35b-instruct,0,1,5,1,11,1,0,0,0
qwen3-coder-480b-a35b-instruct,1,1,5,1,12,1,0,0,0
qwen3-coder-480b-a35b-instruct,2,1,5,1,11,1,0,0,0
qwen3-coder-480b-a35b-instruct,3,1,5,1,11,1,0,0,0
qwen3-coder-480b-a35b-instruct,0,1,6,8,21,1,1,1,0
qwen3-coder-480b-a35b-instruct,0,2,6,10,8,0,0,1,1
qwen3-coder-480b-a35b-instruct,1,1,6,1,20,1,1,1,0
qwen3-coder-480b-a35b-instruct,1,2,6,10,1,0,0,1,1
qwen3-coder-480b-a35b-instruct,2,1,6,1,20,1,1,1,0
qwen3-coder-480b-a35b-instruct,2,2,6,1,15,1,1,1,0
qwen3-coder-480b-a35b-instruct,3,1,6,1,21,1,1,1,0
qwen3-coder-480b-a35b-instruct,3,2,6,2,14,1,1,1,0
qwen3-coder-480b-a35b-instruct,0,1,7,1,15,1,1,1,0
qwen3-coder-480b-a35b-instruct,0,2,7,2,21,1,1,1,0
qwen3-coder-480b-a35b-instruct,1,1,7,1,15,1,1,1,0
qwen3-coder-480b-a35b-instruct,1,2,7,10,4,0,0,1,1
qwen3-coder-480b-a35b-instruct,2,1,7,1,15,1,1,1,0
qwen3-coder-480b-a35b-instruct,2,2,7,3,13,1,1,1,0
qwen3-coder-480b-a35b-instruct,3,1,7,1,15,1,1,1,0
qwen3-coder-480b-a35b-instruct,3,2,7,8,11,1,1,1,0
qwen3-coder-480b-a35b-instruct,0,1,8,1,22,1,1,1,0
qwen3-coder-480b-a35b-instruct,0,2,8,2,15,1,1,1,0
qwen3-coder-480b-a35b-instruct,1,1,8,1,22,1,1,1,0
qwen3-coder-480b-a35b-instruct,1,2,8,1,15,1,1,1,0
qwen3-coder-480b-a35b-instruct,2,1,8,1,17,1,1,1,0
qwen3-coder-480b-a35b-instruct,2,2,8,1,14,1,1,1,0
qwen3-coder-480b-a35b-instruct,3,1,8,1,18,1,1,1,0
qwen3-coder-480b-a35b-instruct,3,2,8,1,14,1,1,1,0
qwen3-coder-480b-a35b-instruct,0,1,9,1,28,1,1,1,0
qwen3-coder-480b-a35b-instruct,0,2,9,1,18,1,1,1,0
qwen3-coder-480b-a35b-instruct,1,1,9,1,17,1,1,1,0
qwen3-coder-480b-a35b-instruct,1,2,9,1,14,1,1,1,0
qwen3-coder-480b-a35b-instruct,2,1,9,1,17,1,1,1,0
qwen3-coder-480b-a35b-instruct,2,2,9,1,15,1,1,1,0
qwen3-coder-480b-a35b-instruct,3,1,9,1,20,1,1,1,0
qwen3-coder-480b-a35b-instruct,3,2,9,10,2,0,0,1,1
qwen3-coder-480b-a35b-instruct,0,1,10,1,30,1,1,1,0
qwen3-coder-480b-a35b-instruct,0,2,10,1,21,1,1,1,0
qwen3-coder-480b-a35b-instruct,1,1,10,1,15,1,1,1,0
qwen3-coder-480b-a35b-instruct,1,2,10,10,4,0,0,1,1
qwen3-coder-480b-a35b-instruct,2,1,10,1,15,1,1,1,0
qwen3-coder-480b-a35b-instruct,2,2,10,10,1,0,0,1,1
qwen3-coder-480b-a35b-instruct,3,1,10,1,15,1,1,1,0
qwen3-coder-480b-a35b-instruct,3,2,10,2,14,1,1,1,0
qwen3-coder-480b-a35b-instruct,0,1,11,1,14,1,0,0,0
qwen3-coder-480b-a35b-instruct,1,1,11,1,14,1,0,0,0
qwen3-coder-480b-a35b-instruct,2,1,11,1,19,1,1,1,0
qwen3-coder-480b-a35b-instruct,2,2,11,10,15,0,1,0,1
qwen3-coder-480b-a35b-instruct,3,1,11,1,21,1,1,1,0
qwen3-coder-480b-a35b-instruct,3,2,11,10,1,0,0,1,1
qwen3-coder-480b-a35b-instruct,0,1,12,1,19,1,1,1,0
qwen3-coder-480b-a35b-instruct,0,2,12,4,31,1,1,1,0
qwen3-coder-480b-a35b-instruct,1,1,12,1,25,1,1,1,0
qwen3-coder-480b-a35b-instruct,1,2,12,1,15,1,1,1,0
qwen3-coder-480b-a35b-instruct,2,1,12,1,17,1,1,1,0
qwen3-coder-480b-a35b-instruct,2,2,12,1,20,1,1,1,0
qwen3-coder-480b-a35b-instruct,3,1,12,1,17,1,1,1,0
qwen3-coder-480b-a35b-instruct,3,2,12,2,18,1,1,1,0
qwen3-coder-480b-a35b-instruct,0,1,13,1,22,1,1,1,0
qwen3-coder-480b-a35b-instruct,0,2,13,10,5,0,0,1,1
qwen3-coder-480b-a35b-instruct,1,1,13,1,17,1,1,1,0
qwen3-coder-480b-a35b-instruct,1,2,13,1,58,1,1,1,0
qwen3-coder-480b-a35b-instruct,2,1,13,1,23,1,1,1,0
qwen3-coder-480b-a35b-instruct,2,2,13,1,15,1,0,0,0
qwen3-coder-480b-a35b-instruct,3,1,13,1,17,1,1,1,0
qwen3-coder-480b-a35b-instruct,3,2,13,2,16,1,1,1,0
qwen3-coder-480b-a35b-instruct,0,1,14,1,22,1,1,1,0
qwen3-coder-480b-a35b-instruct,0,2,14,2,18,1,1,1,0
qwen3-coder-480b-a35b-instruct,1,1,14,1,17,1,1,1,0
qwen3-coder-480b-a35b-instruct,1,2,14,2,13,1,1,1,0
qwen3-coder-480b-a35b-instruct,2,1,14,1,16,1,1,1,0
qwen3-coder-480b-a35b-instruct,2,2,14,10,1,0,0,1,1
qwen3-coder-480b-a35b-instruct,3,1,14,1,15,1,1,1,0
qwen3-coder-480b-a35b-instruct,3,2,14,1,12,1,1,1,0
qwen3-coder-480b-a35b-instruct,0,1,15,1,22,1,1,1,0
qwen3-coder-480b-a35b-instruct,0,2,15,2,33,1,1,1,0
qwen3-coder-480b-a35b-instruct,1,1,15,1,15,1,1,1,0
qwen3-coder-480b-a35b-instruct,1,2,15,1,11,1,1,1,0
qwen3-coder-480b-a35b-instruct,2,1,15,1,15,1,1,1,0
qwen3-coder-480b-a35b-instruct,2,2,15,10,5,0,0,1,1
qwen3-coder-480b-a35b-instruct,3,1,15,1,18,1,1,1,0
qwen3-coder-480b-a35b-instruct,3,2,15,2,12,1,1,1,0
qwen3-coder-480b-a35b-instruct,0,1,16,1,22,0,1,0,0
qwen3-coder-480b-a35b-instruct,0,2,16,2,16,1,1,1,0
qwen3-coder-480b-a35b-instruct,1,1,16,10,19,0,1,0,1
qwen3-coder-480b-a35b-instruct,1,2,16,1,1,0,0,1,0
qwen3-coder-480b-a35b-instruct,2,1,16,1,17,0,1,0,0
qwen3-coder-480b-a35b-instruct,2,2,16,1,15,1,1,1,0
qwen3-coder-480b-a35b-instruct,3,1,16,1,17,0,1,0,0
qwen3-coder-480b-a35b-instruct,3,2,16,1,15,1,1,1,0
qwen3-coder-480b-a35b-instruct,0,1,17,1,21,1,1,1,0
qwen3-coder-480b-a35b-instruct,0,2,17,2,18,1,1,1,0
qwen3-coder-480b-a35b-instruct,1,1,17,1,18,1,1,1,0
qwen3-coder-480b-a35b-instruct,1,2,17,2,13,1,1,1,0
qwen3-coder-480b-a35b-instruct,2,1,17,1,15,1,1,1,0
qwen3-coder-480b-a35b-instruct,2,2,17,10,1,0,0,1,1
qwen3-coder-480b-a35b-instruct,3,1,17,1,23,1,1,1,0
qwen3-coder-480b-a35b-instruct,3,2,17,2,14,1,1,1,0
qwen3-coder-480b-a35b-instruct,0,1,18,1,14,1,1,1,0
qwen3-coder-480b-a35b-instruct,0,2,18,10,4,0,0,1,1
qwen3-coder-480b-a35b-instruct,1,1,18,1,18,1,1,1,0
qwen3-coder-480b-a35b-instruct,1,2,18,10,1,0,0,1,1
qwen3-coder-480b-a35b-instruct,2,1,18,3,16,1,1,1,0
qwen3-coder-480b-a35b-instruct,2,2,18,7,14,1,1,1,0
qwen3-coder-480b-a35b-instruct,3,1,18,1,15,1,1,1,0
qwen3-coder-480b-a35b-instruct,3,2,18,2,11,1,1,1,0
qwen3-coder-480b-a35b-instruct,0,1,19,1,34,0,1,0,0
qwen3-coder-480b-a35b-instruct,0,2,19,2,19,1,1,1,0
qwen3-coder-480b-a35b-instruct,1,1,19,1,24,0,1,0,0
qwen3-coder-480b-a35b-instruct,1,2,19,1,14,1,1,1,0
qwen3-coder-480b-a35b-instruct,2,1,19,1,22,0,1,0,0
qwen3-coder-480b-a35b-instruct,2,2,19,1,15,1,1,1,0
qwen3-coder-480b-a35b-instruct,3,1,19,1,18,0,1,0,0
qwen3-coder-480b-a35b-instruct,3,2,19,1,15,1,1,1,0
qwen3-coder-480b-a35b-instruct,0,1,20,1,22,1,1,1,0
qwen3-coder-480b-a35b-instruct,0,2,20,2,22,1,1,1,0
qwen3-coder-480b-a35b-instruct,1,1,20,1,18,1,1,1,0
qwen3-coder-480b-a35b-instruct,1,2,20,3,13,1,1,1,0
qwen3-coder-480b-a35b-instruct,2,1,20,1,17,1,1,1,0
qwen3-coder-480b-a35b-instruct,2,2,20,1,15,1,1,1,0
qwen3-coder-480b-a35b-instruct,3,1,20,1,17,1,1,1,0
qwen3-coder-480b-a35b-instruct,3,2,20,10,2,0,0,1,1
qwen3-coder-480b-a35b-instruct,0,1,21,1,20,1,1,1,0
qwen3-coder-480b-a35b-instruct,0,2,21,10,1,0,0,1,1
qwen3-coder-480b-a35b-instruct,1,1,21,1,15,1,1,1,0
qwen3-coder-480b-a35b-instruct,1,2,21,2,16,1,1,1,0
qwen3-coder-480b-a35b-instruct,2,1,21,1,15,1,1,1,0
qwen3-coder-480b-a35b-instruct,2,2,21,1,26,1,1,1,0
qwen3-coder-480b-a35b-instruct,3,1,21,1,15,1,1,1,0
qwen3-coder-480b-a35b-instruct,3,2,21,10,3,0,0,1,1
qwen3-coder-480b-a35b-instruct,0,1,22,1,21,0,1,0,0
qwen3-coder-480b-a35b-instruct,0,2,22,2,10,1,0,0,0
qwen3-coder-480b-a35b-instruct,1,1,22,1,17,0,1,0,0
qwen3-coder-480b-a35b-instruct,1,2,22,1,16,1,1,1,0
qwen3-coder-480b-a35b-instruct,2,1,22,1,18,0,1,0,0
qwen3-coder-480b-a35b-instruct,2,2,22,1,41,1,1,1,0
qwen3-coder-480b-a35b-instruct,3,1,22,1,18,0,1,0,0
qwen3-coder-480b-a35b-instruct,3,2,22,1,15,1,1,1,0
qwen3-coder-480b-a35b-instruct,0,1,23,1,21,1,1,1,0
qwen3-coder-480b-a35b-instruct,0,2,23,2,45,1,1,1,0
qwen3-coder-480b-a35b-instruct,1,1,23,1,17,1,1,1,0
qwen3-coder-480b-a35b-instruct,1,2,23,10,2,0,0,1,1
qwen3-coder-480b-a35b-instruct,2,1,23,1,17,1,1,1,0
qwen3-coder-480b-a35b-instruct,2,2,23,1,32,1,1,1,0
qwen3-coder-480b-a35b-instruct,3,1,23,1,15,1,1,1,0
qwen3-coder-480b-a35b-instruct,3,2,23,10,4,0,0,1,1
qwen3-coder-480b-a35b-instruct,0,1,24,1,22,1,1,1,0
qwen3-coder-480b-a35b-instruct,0,2,24,2,23,1,0,0,0
qwen3-coder-480b-a35b-instruct,1,1,24,1,17,1,1,1,0
qwen3-coder-480b-a35b-instruct,1,2,24,1,14,1,1,1,0
qwen3-coder-480b-a35b-instruct,2,1,24,1,21,1,1,1,0
qwen3-coder-480b-a35b-instruct,2,2,24,3,14,1,1,1,0
qwen3-coder-480b-a35b-instruct,3,1,24,1,18,1,1,1,0
qwen3-coder-480b-a35b-instruct,3,2,24,2,12,1,1,1,0
qwen3-coder-480b-a35b-instruct,0,1,25,1,22,0,1,0,0
qwen3-coder-480b-a35b-instruct,0,2,25,1,18,1,1,1,0
qwen3-coder-480b-a35b-instruct,1,1,25,1,18,0,1,0,0
qwen3-coder-480b-a35b-instruct,1,2,25,1,16,1,1,1,0
qwen3-coder-480b-a35b-instruct,2,1,25,1,18,0,1,0,0
qwen3-coder-480b-a35b-instruct,2,2,25,1,16,1,1,1,0
qwen3-coder-480b-a35b-instruct,3,1,25,1,22,1,1,1,0
qwen3-coder-480b-a35b-instruct,3,2,25,10,1,0,0,1,1
qwen3-coder-480b-a35b-instruct,0,1,26,1,22,1,1,1,0
qwen3-coder-480b-a35b-instruct,0,2,26,2,17,1,1,1,0
qwen3-coder-480b-a35b-instruct,1,1,26,1,17,1,1,1,0
qwen3-coder-480b-a35b-instruct,1,2,26,1,13,1,1,1,0
qwen3-coder-480b-a35b-instruct,2,1,26,1,19,1,1,1,0
qwen3-coder-480b-a35b-instruct,2,2,26,1,14,1,1,1,0
qwen3-coder-480b-a35b-instruct,3,1,26,1,17,1,1,1,0
qwen3-coder-480b-a35b-instruct,3,2,26,2,14,1,1,1,0
qwen3-coder-480b-a35b-instruct,0,1,27,1,17,1,1,1,0
qwen3-coder-480b-a35b-instruct,0,2,27,10,3,0,0,1,1
qwen3-coder-480b-a35b-instruct,1,1,27,1,15,1,1,1,0
qwen3-coder-480b-a35b-instruct,1,2,27,10,1,0,0,1,1
qwen3-coder-480b-a35b-instruct,2,1,27,1,15,1,1,1,0
qwen3-coder-480b-a35b-instruct,2,2,27,7,32,1,1,1,0
qwen3-coder-480b-a35b-instruct,3,1,27,1,16,1,1,1,0
qwen3-coder-480b-a35b-instruct,3,2,27,10,3,0,0,1,1
qwen3-coder-480b-a35b-instruct,0,1,28,1,21,1,1,1,0
qwen3-coder-480b-a35b-instruct,0,2,28,1,16,1,1,1,0
qwen3-coder-480b-a35b-instruct,1,1,28,1,18,1,1,1,0
qwen3-coder-480b-a35b-instruct,1,2,28,10,1,0,0,1,1
qwen3-coder-480b-a35b-instruct,2,1,28,1,15,1,1,1,0
qwen3-coder-480b-a35b-instruct,2,2,28,6,11,1,1,1,0
qwen3-coder-480b-a35b-instruct,3,1,28,1,15,1,1,1,0
qwen3-coder-480b-a35b-instruct,3,2,28,10,4,0,0,1,1
qwen3-coder-480b-a35b-instruct,0,1,29,1,21,1,1,1,0
qwen3-coder-480b-a35b-instruct,0,2,29,1,14,1,1,1,0
qwen3-coder-480b-a35b-instruct,1,1,29,1,17,1,1,1,0
qwen3-coder-480b-a35b-instruct,1,2,29,1,16,1,1,1,0
qwen3-coder-480b-a35b-instruct,2,1,29,1,18,1,1,1,0
qwen3-coder-480b-a35b-instruct,2,2,29,1,14,1,1,1,0
qwen3-coder-480b-a35b-instruct,3,1,29,1,17,1,1,1,0
qwen3-coder-480b-a35b-instruct,3,2,29,1,14,1,1,1,0
qwen3-coder-480b-a35b-instruct,0,1,30,1,20,1,1,1,0
qwen3-coder-480b-a35b-instruct,0,2,30,1,21,1,1,1,0
qwen3-coder-480b-a35b-instruct,1,1,30,1,18,1,1,1,0
qwen3-coder-480b-a35b-instruct,1,2,30,6,15,1,1,1,0
qwen3-coder-480b-a35b-instruct,2,1,30,1,16,1,1,1,0
qwen3-coder-480b-a35b-instruct,2,2,30,10,1,0,0,1,1
qwen3-coder-480b-a35b-instruct,3,1,30,1,17,1,1,1,0
qwen3-coder-480b-a35b-instruct,3,2,30,10,3,0,0,1,1
qwen3-coder-480b-a35b-instruct,0,1,31,1,22,1,1,1,0
qwen3-coder-480b-a35b-instruct,0,2,31,1,20,1,1,1,0
qwen3-coder-480b-a35b-instruct,1,1,31,1,18,1,1,1,0
qwen3-coder-480b-a35b-instruct,1,2,31,1,12,1,1,1,0
qwen3-coder-480b-a35b-instruct,2,1,31,1,17,1,1,1,0
qwen3-coder-480b-a35b-instruct,2,2,31,2,13,1,1,1,0
qwen3-coder-480b-a35b-instruct,3,1,31,1,17,1,1,1,0
qwen3-coder-480b-a35b-instruct,3,2,31,1,13,1,1,1,0
qwen3-coder-480b-a35b-instruct,0,1,32,1,20,1,1,1,0
qwen3-coder-480b-a35b-instruct,0,2,32,2,15,1,1,1,0
qwen3-coder-480b-a35b-instruct,1,1,32,1,20,1,1,1,0
qwen3-coder-480b-a35b-instruct,1,2,32,3,12,1,1,1,0
qwen3-coder-480b-a35b-instruct,2,1,32,1,19,1,1,1,0
qwen3-coder-480b-a35b-instruct,2,2,32,3,15,1,1,1,0
qwen3-coder-480b-a35b-instruct,3,1,32,1,20,1,1,1,0
qwen3-coder-480b-a35b-instruct,3,2,32,1,15,1,1,1,0
qwen3-coder-480b-a35b-instruct,0,1,33,1,22,0,1,0,0
qwen3-coder-480b-a35b-instruct,0,2,33,1,17,1,1,1,0
qwen3-coder-480b-a35b-instruct,1,1,33,1,18,0,1,0,0
qwen3-coder-480b-a35b-instruct,1,2,33,1,17,1,1,1,0
qwen3-coder-480b-a35b-instruct,2,1,33,1,22,0,1,0,0
qwen3-coder-480b-a35b-instruct,2,2,33,3,10,0,0,1,0
qwen3-coder-480b-a35b-instruct,3,1,33,1,15,1,1,1,0
qwen3-coder-480b-a35b-instruct,3,2,33,1,13,1,1,1,0
qwen3-coder-480b-a35b-instruct,0,1,34,1,21,1,1,1,0
qwen3-coder-480b-a35b-instruct,0,2,34,10,2,0,0,1,1
qwen3-coder-480b-a35b-instruct,1,1,34,1,20,1,1,1,0
qwen3-coder-480b-a35b-instruct,1,2,34,1,10,1,0,0,0
qwen3-coder-480b-a35b-instruct,2,1,34,1,22,1,1,1,0
qwen3-coder-480b-a35b-instruct,2,2,34,1,15,1,1,1,0
qwen3-coder-480b-a35b-instruct,3,1,34,1,15,1,1,1,0
qwen3-coder-480b-a35b-instruct,3,2,34,2,12,1,1,1,0
qwen3-coder-480b-a35b-instruct,0,1,35,1,30,1,1,1,0
qwen3-coder-480b-a35b-instruct,0,2,35,1,13,1,1,1,0
qwen3-coder-480b-a35b-instruct,1,1,35,1,15,1,1,1,0
qwen3-coder-480b-a35b-instruct,1,2,35,10,4,0,0,1,1
qwen3-coder-480b-a35b-instruct,2,1,35,1,15,1,1,1,0
qwen3-coder-480b-a35b-instruct,2,2,35,1,13,1,1,1,0
qwen3-coder-480b-a35b-instruct,3,1,35,1,15,1,1,1,0
qwen3-coder-480b-a35b-instruct,3,2,35,10,1,0,0,1,1
qwen3-coder-480b-a35b-instruct,0,1,36,1,20,1,1,1,0
qwen3-coder-480b-a35b-instruct,0,2,36,2,16,1,1,1,0
qwen3-coder-480b-a35b-instruct,1,1,36,1,22,1,1,1,0
qwen3-coder-480b-a35b-instruct,1,2,36,10,1,0,0,1,1
qwen3-coder-480b-a35b-instruct,2,1,36,1,15,1,1,1,0
qwen3-coder-480b-a35b-instruct,2,2,36,10,6,0,0,1,1
qwen3-coder-480b-a35b-instruct,3,1,36,1,15,1,1,1,0
qwen3-coder-480b-a35b-instruct,3,2,36,10,3,0,0,1,1
qwen3-coder-480b-a35b-instruct,0,1,37,1,11,1,0,0,0
qwen3-coder-480b-a35b-instruct,1,1,37,1,11,1,0,0,0
qwen3-coder-480b-a35b-instruct,2,1,37,1,11,1,0,0,0
qwen3-coder-480b-a35b-instruct,3,1,37,1,11,1,0,0,0
qwen3-coder-480b-a35b-instruct,0,1,38,1,11,1,0,0,0
qwen3-coder-480b-a35b-instruct,1,1,38,1,11,1,0,0,0
qwen3-coder-480b-a35b-instruct,2,1,38,1,11,1,0,0,0
qwen3-coder-480b-a35b-instruct,3,1,38,1,11,1,0,0,0
qwen3-coder-480b-a35b-instruct,0,1,39,1,22,1,1,1,0
qwen3-coder-480b-a35b-instruct,0,2,39,1,19,1,1,1,0
qwen3-coder-480b-a35b-instruct,1,1,39,1,17,1,1,1,0
qwen3-coder-480b-a35b-instruct,1,2,39,1,17,1,1,1,0
qwen3-coder-480b-a35b-instruct,2,1,39,1,22,1,1,1,0
qwen3-coder-480b-a35b-instruct,2,2,39,9,13,1,1,1,0
qwen3-coder-480b-a35b-instruct,3,1,39,1,17,1,1,1,0
qwen3-coder-480b-a35b-instruct,3,2,39,1,14,1,1,1,0
qwen3-coder-480b-a35b-instruct,0,1,40,1,21,1,1,1,0
qwen3-coder-480b-a35b-instruct,0,2,40,10,1,0,0,1,1
qwen3-coder-480b-a35b-instruct,1,1,40,1,19,1,1,1,0
qwen3-coder-480b-a35b-instruct,1,2,40,1,20,1,1,1,0
qwen3-coder-480b-a35b-instruct,2,1,40,1,18,1,1,1,0
qwen3-coder-480b-a35b-instruct,2,2,40,1,28,1,1,1,0
qwen3-coder-480b-a35b-instruct,3,1,40,1,19,1,1,1,0
qwen3-coder-480b-a35b-instruct,3,2,40,1,14,1,1,1,0
qwen3-coder-480b-a35b-instruct,0,1,41,1,18,1,1,1,0
qwen3-coder-480b-a35b-instruct,0,2,41,2,13,1,1,1,0
qwen3-coder-480b-a35b-instruct,1,1,41,1,15,1,1,1,0
qwen3-coder-480b-a35b-instruct,1,2,41,2,12,1,1,1,0
qwen3-coder-480b-a35b-instruct,2,1,41,1,15,1,1,1,0
qwen3-coder-480b-a35b-instruct,2,2,41,10,4,0,0,1,1
qwen3-coder-480b-a35b-instruct,3,1,41,1,15,1,1,1,0
qwen3-coder-480b-a35b-instruct,3,2,41,10,4,0,0,1,1
qwen3-coder-480b-a35b-instruct,0,1,42,1,12,1,0,0,0
qwen3-coder-480b-a35b-instruct,1,1,42,1,11,1,0,0,0
qwen3-coder-480b-a35b-instruct,2,1,42,1,11,1,0,0,0
qwen3-coder-480b-a35b-instruct,3,1,42,1,11,1,0,0,0
qwen3-coder-480b-a35b-instruct,0,1,43,1,24,1,1,1,0
qwen3-coder-480b-a35b-instruct,0,2,43,1,29,1,1,1,0
qwen3-coder-480b-a35b-instruct,1,1,43,1,15,1,1,1,0
qwen3-coder-480b-a35b-instruct,1,2,43,10,1,0,0,1,1
qwen3-coder-480b-a35b-instruct,2,1,43,1,15,1,1,1,0
qwen3-coder-480b-a35b-instruct,2,2,43,10,1,0,0,1,1
qwen3-coder-480b-a35b-instruct,3,1,43,6,15,1,1,1,0
qwen3-coder-480b-a35b-instruct,3,2,43,10,5,0,0,1,1
qwen3-coder-480b-a35b-instruct,0,1,44,1,21,1,1,1,0
qwen3-coder-480b-a35b-instruct,0,2,44,2,22,1,1,1,0
qwen3-coder-480b-a35b-instruct,1,1,44,1,20,1,1,1,0
qwen3-coder-480b-a35b-instruct,1,2,44,4,12,1,1,1,0
qwen3-coder-480b-a35b-instruct,2,1,44,2,16,1,1,1,0
qwen3-coder-480b-a35b-instruct,2,2,44,5,12,1,1,1,0
qwen3-coder-480b-a35b-instruct,3,1,44,1,18,1,1,1,0
qwen3-coder-480b-a35b-instruct,3,2,44,2,13,1,1,1,0
qwen3-coder-480b-a35b-instruct,0,1,45,1,21,0,1,0,0
qwen3-coder-480b-a35b-instruct,0,2,45,1,57,1,0,0,0
qwen3-coder-480b-a35b-instruct,1,1,45,1,18,0,1,0,0
qwen3-coder-480b-a35b-instruct,1,2,45,1,13,1,1,1,0
qwen3-coder-480b-a35b-instruct,2,1,45,1,17,0,1,0,0
qwen3-coder-480b-a35b-instruct,2,2,45,1,15,1,1,1,0
qwen3-coder-480b-a35b-instruct,3,1,45,1,18,0,1,0,0
qwen3-coder-480b-a35b-instruct,3,2,45,2,13,1,1,1,0
qwen3-coder-480b-a35b-instruct,0,1,46,1,11,1,0,0,0
qwen3-coder-480b-a35b-instruct,1,1,46,1,11,1,0,0,0
qwen3-coder-480b-a35b-instruct,2,1,46,1,11,1,0,0,0
qwen3-coder-480b-a35b-instruct,3,1,46,1,11,1,0,0,0
qwen3-coder-480b-a35b-instruct,0,1,47,1,21,1,1,1,0
qwen3-coder-480b-a35b-instruct,0,2,47,1,21,1,1,1,0
qwen3-coder-480b-a35b-instruct,1,1,47,1,18,1,1,1,0
qwen3-coder-480b-a35b-instruct,1,2,47,5,12,1,1,1,0
qwen3-coder-480b-a35b-instruct,2,1,47,1,15,1,1,1,0
qwen3-coder-480b-a35b-instruct,2,2,47,2,13,1,1,1,0
qwen3-coder-480b-a35b-instruct,3,1,47,1,15,1,1,1,0
qwen3-coder-480b-a35b-instruct,3,2,47,1,12,1,1,1,0
qwen3-coder-480b-a35b-instruct,0,1,48,1,21,0,1,0,0
qwen3-coder-480b-a35b-instruct,0,2,48,1,14,1,1,1,0
qwen3-coder-480b-a35b-instruct,1,1,48,1,17,0,1,0,0
qwen3-coder-480b-a35b-instruct,1,2,48,10,5,0,0,1,1
qwen3-coder-480b-a35b-instruct,2,1,48,1,18,0,1,0,0
qwen3-coder-480b-a35b-instruct,2,2,48,6,14,1,1,1,0
qwen3-coder-480b-a35b-instruct,3,1,48,1,17,0,1,0,0
qwen3-coder-480b-a35b-instruct,3,2,48,1,14,1,1,1,0
qwen3-coder-480b-a35b-instruct,0,1,49,1,22,1,1,1,0
qwen3-coder-480b-a35b-instruct,0,2,49,2,18,0,0,1,0
qwen3-coder-480b-a35b-instruct,1,1,49,1,17,1,1,1,0
qwen3-coder-480b-a35b-instruct,1,2,49,6,15,1,1,1,0
qwen3-coder-480b-a35b-instruct,2,1,49,1,18,1,1,1,0
qwen3-coder-480b-a35b-instruct,2,2,49,10,4,0,0,1,1
qwen3-coder-480b-a35b-instruct,3,1,49,1,17,1,1,1,0
qwen3-coder-480b-a35b-instruct,3,2,49,2,14,1,1,1,0
qwen3-coder-480b-a35b-instruct,0,1,50,1,15,1,1,1,0
qwen3-coder-480b-a35b-instruct,0,2,50,4,17,1,1,1,0
qwen3-coder-480b-a35b-instruct,1,1,50,1,15,1,1,1,0
qwen3-coder-480b-a35b-instruct,1,2,50,10,1,0,0,1,1
qwen3-coder-480b-a35b-instruct,2,1,50,1,15,1,1,1,0
qwen3-coder-480b-a35b-instruct,2,2,50,10,3,0,0,1,1
qwen3-coder-480b-a35b-instruct,3,1,50,1,15,1,1,1,0
qwen3-coder-480b-a35b-instruct,3,2,50,5,11,1,1,1,0
qwen3-coder-480b-a35b-instruct,0,1,51,1,12,1,0,0,0
qwen3-coder-480b-a35b-instruct,1,1,51,1,11,1,0,0,0
qwen3-coder-480b-a35b-instruct,2,1,51,1,11,1,0,0,0
qwen3-coder-480b-a35b-instruct,3,1,51,1,11,1,0,0,0
qwen3-coder-480b-a35b-instruct,0,1,52,1,20,0,1,0,0
qwen3-coder-480b-a35b-instruct,0,2,52,1,16,1,1,1,0
qwen3-coder-480b-a35b-instruct,1,1,52,1,19,0,1,0,0
qwen3-coder-480b-a35b-instruct,1,2,52,1,16,1,1,1,0
qwen3-coder-480b-a35b-instruct,2,1,52,1,18,0,1,0,0
qwen3-coder-480b-a35b-instruct,2,2,52,1,15,1,1,1,0
qwen3-coder-480b-a35b-instruct,3,1,52,1,18,0,1,0,0
qwen3-coder-480b-a35b-instruct,3,2,52,2,14,1,1,1,0
qwen3-coder-480b-a35b-instruct,0,1,53,1,27,0,1,0,0
qwen3-coder-480b-a35b-instruct,0,2,53,1,31,1,0,0,0
qwen3-coder-480b-a35b-instruct,1,1,53,1,18,0,1,0,0
qwen3-coder-480b-a35b-instruct,1,2,53,1,17,1,1,1,0
qwen3-coder-480b-a35b-instruct,2,1,53,1,21,0,1,0,0
qwen3-coder-480b-a35b-instruct,2,2,53,1,16,1,1,1,0
qwen3-coder-480b-a35b-instruct,3,1,53,1,23,0,1,0,0
qwen3-coder-480b-a35b-instruct,3,2,53,1,15,1,1,1,0
qwen3-coder-480b-a35b-instruct,0,1,54,1,21,1,1,1,0
qwen3-coder-480b-a35b-instruct,0,2,54,1,30,1,1,1,0
qwen3-coder-480b-a35b-instruct,1,1,54,1,19,1,1,1,0
qwen3-coder-480b-a35b-instruct,1,2,54,1,14,1,1,1,0
qwen3-coder-480b-a35b-instruct,2,1,54,1,20,0,1,0,0
qwen3-coder-480b-a35b-instruct,2,2,54,2,41,1,1,1,0
qwen3-coder-480b-a35b-instruct,3,1,54,1,33,1,1,1,0
qwen3-coder-480b-a35b-instruct,3,2,54,8,86,1,1,1,0
qwen3-coder-480b-a35b-instruct,0,1,55,1,15,1,1,1,0
qwen3-coder-480b-a35b-instruct,0,2,55,2,11,1,1,1,0
qwen3-coder-480b-a35b-instruct,1,1,55,1,16,1,1,1,0
qwen3-coder-480b-a35b-instruct,1,2,55,1,18,1,1,1,0
qwen3-coder-480b-a35b-instruct,2,1,55,1,15,1,1,1,0
qwen3-coder-480b-a35b-instruct,2,2,55,10,1,0,0,1,1
qwen3-coder-480b-a35b-instruct,3,1,55,1,15,1,1,1,0
qwen3-coder-480b-a35b-instruct,3,2,55,8,12,1,1,1,0
qwen3-coder-480b-a35b-instruct,0,1,56,1,21,1,1,1,0
qwen3-coder-480b-a35b-instruct,0,2,56,1,19,1,1,1,0
qwen3-coder-480b-a35b-instruct,1,1,56,1,21,1,1,1,0
qwen3-coder-480b-a35b-instruct,1,2,56,2,11,1,1,1,0
qwen3-coder-480b-a35b-instruct,2,1,56,1,15,1,1,1,0
qwen3-coder-480b-a35b-instruct,2,2,56,10,1,0,0,1,1
qwen3-coder-480b-a35b-instruct,3,1,56,1,16,1,1,1,0
qwen3-coder-480b-a35b-instruct,3,2,56,1,11,1,1,1,0
qwen3-coder-480b-a35b-instruct,0,1,57,1,21,1,1,1,0
qwen3-coder-480b-a35b-instruct,0,2,57,1,15,1,1,1,0
qwen3-coder-480b-a35b-instruct,1,1,57,1,17,1,1,1,0
qwen3-coder-480b-a35b-instruct,1,2,57,10,3,0,0,1,1
qwen3-coder-480b-a35b-instruct,2,1,57,1,15,1,1,1,0
qwen3-coder-480b-a35b-instruct,2,2,57,4,13,1,1,1,0
qwen3-coder-480b-a35b-instruct,3,1,57,1,19,1,1,1,0
qwen3-coder-480b-a35b-instruct,3,2,57,10,2,0,0,1,1
qwen3-coder-480b-a35b-instruct,0,1,58,1,11,1,0,0,0
qwen3-coder-480b-a35b-instruct,1,1,58,1,11,1,0,0,0
qwen3-coder-480b-a35b-instruct,2,1,58,1,11,1,0,0,0
qwen3-coder-480b-a35b-instruct,3,1,58,1,11,1,0,0,0
qwen3-coder-480b-a35b-instruct,0,1,59,1,20,0,1,0,0
qwen3-coder-480b-a35b-instruct,0,2,59,1,19,1,1,1,0
qwen3-coder-480b-a35b-instruct,1,1,59,1,17,1,1,1,0
qwen3-coder-480b-a35b-instruct,1,2,59,2,12,1,1,1,0
qwen3-coder-480b-a35b-instruct,2,1,59,1,15,1,1,1,0
qwen3-coder-480b-a35b-instruct,2,2,59,10,1,0,0,1,1
qwen3-coder-480b-a35b-instruct,3,1,59,1,17,1,1,1,0
qwen3-coder-480b-a35b-instruct,3,2,59,9,26,1,1,1,0
qwen3-coder-480b-a35b-instruct,0,1,60,1,21,1,1,1,0
qwen3-coder-480b-a35b-instruct,0,2,60,10,20,0,0,1,1
qwen3-coder-480b-a35b-instruct,1,1,60,1,16,1,1,1,0
qwen3-coder-480b-a35b-instruct,1,2,60,2,9,1,0,0,0
qwen3-coder-480b-a35b-instruct,2,1,60,1,15,1,1,1,0
qwen3-coder-480b-a35b-instruct,2,2,60,10,1,0,0,1,1
qwen3-coder-480b-a35b-instruct,3,1,60,1,15,1,1,1,0
qwen3-coder-480b-a35b-instruct,3,2,60,10,5,0,0,1,1
qwen3-coder-480b-a35b-instruct,0,1,61,1,22,1,1,1,0
qwen3-coder-480b-a35b-instruct,0,2,61,1,15,1,1,1,0
qwen3-coder-480b-a35b-instruct,1,1,61,1,18,1,1,1,0
qwen3-coder-480b-a35b-instruct,1,2,61,1,15,1,1,1,0
qwen3-coder-480b-a35b-instruct,2,1,61,1,15,1,1,1,0
qwen3-coder-480b-a35b-instruct,2,2,61,10,1,0,0,1,1
qwen3-coder-480b-a35b-instruct,3,1,61,1,16,1,1,1,0
qwen3-coder-480b-a35b-instruct,3,2,61,10,1,0,0,1,1
qwen3-coder-480b-a35b-instruct,0,1,62,1,21,1,1,1,0
qwen3-coder-480b-a35b-instruct,0,2,62,10,6,0,0,1,1
qwen3-coder-480b-a35b-instruct,1,1,62,1,19,1,1,1,0
qwen3-coder-480b-a35b-instruct,1,2,62,1,14,1,1,1,0
qwen3-coder-480b-a35b-instruct,2,1,62,1,17,1,1,1,0
qwen3-coder-480b-a35b-instruct,2,2,62,1,12,1,1,1,0
qwen3-coder-480b-a35b-instruct,3,1,62,1,17,1,1,1,0
qwen3-coder-480b-a35b-instruct,3,2,62,1,15,1,1,1,0
qwen3-coder-480b-a35b-instruct,0,1,63,1,21,0,1,0,0
qwen3-coder-480b-a35b-instruct,0,2,63,1,28,1,1,1,0
qwen3-coder-480b-a35b-instruct,1,1,63,2,20,1,1,1,0
qwen3-coder-480b-a35b-instruct,1,2,63,10,2,0,0,1,1
qwen3-coder-480b-a35b-instruct,2,1,63,1,17,1,1,1,0
qwen3-coder-480b-a35b-instruct,2,2,63,1,16,1,1,1,0
qwen3-coder-480b-a35b-instruct,3,1,63,1,22,1,1,1,0
qwen3-coder-480b-a35b-instruct,3,2,63,1,14,1,1,1,0
qwen3-coder-480b-a35b-instruct,0,1,64,1,17,1,1,1,0
qwen3-coder-480b-a35b-instruct,0,2,64,2,53,1,1,1,0
qwen3-coder-480b-a35b-instruct,1,1,64,1,17,1,1,1,0
qwen3-coder-480b-a35b-instruct,1,2,64,9,12,1,1,1,0
qwen3-coder-480b-a35b-instruct,2,1,64,1,15,1,1,1,0
qwen3-coder-480b-a35b-instruct,2,2,64,1,14,1,1,1,0
qwen3-coder-480b-a35b-instruct,3,1,64,1,15,1,1,1,0
qwen3-coder-480b-a35b-instruct,3,2,64,1,12,1,1,1,0
qwen3-coder-480b-a35b-instruct,0,1,65,1,24,1,1,1,0
qwen3-coder-480b-a35b-instruct,0,2,65,1,23,1,1,1,0
qwen3-coder-480b-a35b-instruct,1,1,65,1,15,1,1,1,0
qwen3-coder-480b-a35b-instruct,1,2,65,4,11,1,1,1,0
qwen3-coder-480b-a35b-instruct,2,1,65,1,15,1,1,1,0
qwen3-coder-480b-a35b-instruct,2,2,65,1,13,1,1,1,0
qwen3-coder-480b-a35b-instruct,3,1,65,1,15,1,1,1,0
qwen3-coder-480b-a35b-instruct,3,2,65,1,12,1,1,1,0
qwen3-coder-480b-a35b-instruct,0,1,66,1,11,1,0,0,0
qwen3-coder-480b-a35b-instruct,1,1,66,1,11,1,0,0,0
qwen3-coder-480b-a35b-instruct,2,1,66,1,11,1,0,0,0
qwen3-coder-480b-a35b-instruct,3,1,66,1,11,1,0,0,0
qwen3-coder-480b-a35b-instruct,0,1,67,1,21,0,1,0,0
qwen3-coder-480b-a35b-instruct,0,2,67,10,1,0,0,1,1
qwen3-coder-480b-a35b-instruct,1,1,67,1,22,1,1,1,0
qwen3-coder-480b-a35b-instruct,1,2,67,2,22,1,1,1,0
qwen3-coder-480b-a35b-instruct,2,1,67,1,19,1,1,1,0
qwen3-coder-480b-a35b-instruct,2,2,67,1,18,1,1,1,0
qwen3-coder-480b-a35b-instruct,3,1,67,1,19,1,1,1,0
qwen3-coder-480b-a35b-instruct,3,2,67,2,15,1,1,1,0
qwen3-coder-480b-a35b-instruct,0,1,68,1,11,1,0,0,0
qwen3-coder-480b-a35b-instruct,1,1,68,1,11,1,0,0,0
qwen3-coder-480b-a35b-instruct,2,1,68,1,11,1,0,0,0
qwen3-coder-480b-a35b-instruct,3,1,68,1,11,1,0,0,0
qwen3-coder-480b-a35b-instruct,0,1,69,1,22,0,1,0,0
qwen3-coder-480b-a35b-instruct,0,2,69,2,22,1,1,1,0
qwen3-coder-480b-a35b-instruct,1,1,69,1,21,1,1,1,0
qwen3-coder-480b-a35b-instruct,1,2,69,10,2,0,0,1,1
qwen3-coder-480b-a35b-instruct,2,1,69,1,19,1,1,1,0
qwen3-coder-480b-a35b-instruct,2,2,69,10,2,0,0,1,1
qwen3-coder-480b-a35b-instruct,3,1,69,1,15,1,1,1,0
qwen3-coder-480b-a35b-instruct,3,2,69,10,4,0,0,1,1
qwen3-coder-480b-a35b-instruct,0,1,70,1,11,1,0,0,0
qwen3-coder-480b-a35b-instruct,1,1,70,1,11,1,0,0,0
qwen3-coder-480b-a35b-instruct,2,1,70,1,11,1,0,0,0
qwen3-coder-480b-a35b-instruct,3,1,70,1,11,1,0,0,0
qwen3-coder-480b-a35b-instruct,0,1,71,1,12,1,0,0,0
qwen3-coder-480b-a35b-instruct,1,1,71,1,11,1,0,0,0
qwen3-coder-480b-a35b-instruct,2,1,71,1,11,1,0,0,0
qwen3-coder-480b-a35b-instruct,3,1,71,1,11,1,0,0,0
qwen3-coder-480b-a35b-instruct,0,1,72,1,16,1,1,1,0
qwen3-coder-480b-a35b-instruct,0,2,72,2,19,1,1,1,0
qwen3-coder-480b-a35b-instruct,1,1,72,1,16,1,1,1,0
qwen3-coder-480b-a35b-instruct,1,2,72,5,11,1,1,1,0
qwen3-coder-480b-a35b-instruct,2,1,72,1,16,1,1,1,0
qwen3-coder-480b-a35b-instruct,2,2,72,10,3,0,0,1,1
qwen3-coder-480b-a35b-instruct,3,1,72,1,16,1,1,1,0
qwen3-coder-480b-a35b-instruct,3,2,72,10,1,0,0,1,1
qwen3-coder-480b-a35b-instruct,0,1,73,1,11,1,0,0,0
qwen3-coder-480b-a35b-instruct,1,1,73,1,11,1,0,0,0
qwen3-coder-480b-a35b-instruct,2,1,73,1,11,1,0,0,0
qwen3-coder-480b-a35b-instruct,3,1,73,1,11,1,0,0,0
qwen3-coder-480b-a35b-instruct,0,1,74,1,18,1,1,1,0
qwen3-coder-480b-a35b-instruct,0,2,74,2,16,1,1,1,0
qwen3-coder-480b-a35b-instruct,1,1,74,1,15,1,1,1,0
qwen3-coder-480b-a35b-instruct,1,2,74,2,12,1,1,1,0
qwen3-coder-480b-a35b-instruct,2,1,74,1,15,1,1,1,0
qwen3-coder-480b-a35b-instruct,2,2,74,5,17,1,1,1,0
qwen3-coder-480b-a35b-instruct,3,1,74,1,16,1,1,1,0
qwen3-coder-480b-a35b-instruct,3,2,74,10,1,0,0,1,1
qwen3-coder-480b-a35b-instruct,0,1,75,1,22,1,1,1,0
qwen3-coder-480b-a35b-instruct,0,2,75,2,47,1,1,1,0
qwen3-coder-480b-a35b-instruct,1,1,75,1,15,1,1,1,0
qwen3-coder-480b-a35b-instruct,1,2,75,10,4,0,0,1,1
qwen3-coder-480b-a35b-instruct,2,1,75,1,15,1,1,1,0
qwen3-coder-480b-a35b-instruct,2,2,75,10,4,0,0,1,1
qwen3-coder-480b-a35b-instruct,3,1,75,1,15,1,1,1,0
qwen3-coder-480b-a35b-instruct,3,2,75,10,4,0,0,1,1
qwen3-coder-480b-a35b-instruct,0,1,76,10,26,0,1,0,1
qwen3-coder-480b-a35b-instruct,0,2,76,5,22,1,1,1,0
qwen3-coder-480b-a35b-instruct,1,1,76,1,18,1,1,1,0
qwen3-coder-480b-a35b-instruct,1,2,76,10,3,0,0,1,1
qwen3-coder-480b-a35b-instruct,2,1,76,1,15,1,1,1,0
qwen3-coder-480b-a35b-instruct,2,2,76,8,12,1,1,1,0
qwen3-coder-480b-a35b-instruct,3,1,76,1,15,1,1,1,0
qwen3-coder-480b-a35b-instruct,3,2,76,8,13,1,1,1,0
qwen3-coder-480b-a35b-instruct,0,1,77,1,15,1,1,1,0
qwen3-coder-480b-a35b-instruct,0,2,77,2,20,1,1,1,0
qwen3-coder-480b-a35b-instruct,1,1,77,1,15,1,1,1,0
qwen3-coder-480b-a35b-instruct,1,2,77,2,13,1,1,1,0
qwen3-coder-480b-a35b-instruct,2,1,77,1,15,1,1,1,0
qwen3-coder-480b-a35b-instruct,2,2,77,10,1,0,0,1,1
qwen3-coder-480b-a35b-instruct,3,1,77,1,17,1,1,1,0
qwen3-coder-480b-a35b-instruct,3,2,77,1,11,1,1,1,0
qwen3-coder-480b-a35b-instruct,0,1,78,1,18,1,1,1,0
qwen3-coder-480b-a35b-instruct,0,2,78,2,19,1,1,1,0
qwen3-coder-480b-a35b-instruct,1,1,78,1,15,1,1,1,0
qwen3-coder-480b-a35b-instruct,1,2,78,10,4,0,0,1,1
qwen3-coder-480b-a35b-instruct,2,1,78,1,15,1,1,1,0
qwen3-coder-480b-a35b-instruct,2,2,78,1,16,1,1,1,0
qwen3-coder-480b-a35b-instruct,3,1,78,1,15,1,1,1,0
qwen3-coder-480b-a35b-instruct,3,2,78,1,13,1,1,1,0
qwen3-coder-480b-a35b-instruct,0,1,79,1,20,1,1,1,0
qwen3-coder-480b-a35b-instruct,0,2,79,10,1,0,0,1,1
qwen3-coder-480b-a35b-instruct,1,1,79,1,17,1,1,1,0
qwen3-coder-480b-a35b-instruct,1,2,79,1,30,1,1,1,0
qwen3-coder-480b-a35b-instruct,2,1,79,1,18,1,1,1,0
qwen3-coder-480b-a35b-instruct,2,2,79,10,2,0,0,1,1
qwen3-coder-480b-a35b-instruct,3,1,79,1,18,1,1,1,0
qwen3-coder-480b-a35b-instruct,3,2,79,1,14,1,1,1,0
qwen3-coder-480b-a35b-instruct,0,1,80,1,20,1,1,1,0
qwen3-coder-480b-a35b-instruct,0,2,80,10,1,0,0,1,1
qwen3-coder-480b-a35b-instruct,1,1,80,1,17,1,1,1,0
qwen3-coder-480b-a35b-instruct,1,2,80,1,15,1,1,1,0
qwen3-coder-480b-a35b-instruct,2,1,80,1,17,1,1,1,0
qwen3-coder-480b-a35b-instruct,2,2,80,1,2,1,0,0,0
qwen3-coder-480b-a35b-instruct,3,1,80,1,17,1,1,1,0
qwen3-coder-480b-a35b-instruct,3,2,80,1,18,1,1,1,0
qwen3-coder-480b-a35b-instruct,0,1,81,1,17,1,1,1,0
qwen3-coder-480b-a35b-instruct,0,2,81,2,16,1,1,1,0
qwen3-coder-480b-a35b-instruct,1,1,81,1,15,1,1,1,0
qwen3-coder-480b-a35b-instruct,1,2,81,2,12,1,1,1,0
qwen3-coder-480b-a35b-instruct,2,1,81,1,15,1,1,1,0
qwen3-coder-480b-a35b-instruct,2,2,81,10,4,0,0,1,1
qwen3-coder-480b-a35b-instruct,3,1,81,1,15,1,1,1,0
qwen3-coder-480b-a35b-instruct,3,2,81,10,3,0,0,1,1
qwen3-coder-480b-a35b-instruct,0,1,82,1,20,0,1,0,0
qwen3-coder-480b-a35b-instruct,0,2,82,1,32,1,0,0,0
qwen3-coder-480b-a35b-instruct,1,1,82,1,18,0,1,0,0
qwen3-coder-480b-a35b-instruct,1,2,82,1,32,1,1,1,0
qwen3-coder-480b-a35b-instruct,2,1,82,1,24,0,1,0,0
qwen3-coder-480b-a35b-instruct,2,2,82,1,17,1,1,1,0
qwen3-coder-480b-a35b-instruct,3,1,82,1,17,0,1,0,0
qwen3-coder-480b-a35b-instruct,3,2,82,1,16,1,1,1,0
qwen3-coder-480b-a35b-instruct,0,1,83,1,19,0,1,0,0
qwen3-coder-480b-a35b-instruct,0,2,83,1,27,1,1,1,0
qwen3-coder-480b-a35b-instruct,1,1,83,1,18,0,1,0,0
qwen3-coder-480b-a35b-instruct,1,2,83,8,15,1,1,1,0
qwen3-coder-480b-a35b-instruct,2,1,83,1,18,0,1,0,0
qwen3-coder-480b-a35b-instruct,2,2,83,1,15,1,1,1,0
qwen3-coder-480b-a35b-instruct,3,1,83,1,17,0,1,0,0
qwen3-coder-480b-a35b-instruct,3,2,83,2,14,0,0,1,0
qwen3-coder-480b-a35b-instruct,0,1,84,1,22,0,1,0,0
qwen3-coder-480b-a35b-instruct,0,2,84,1,23,1,1,1,0
qwen3-coder-480b-a35b-instruct,1,1,84,1,21,1,1,1,0
qwen3-coder-480b-a35b-instruct,1,2,84,10,1,0,0,1,1
qwen3-coder-480b-a35b-instruct,2,1,84,1,20,0,1,0,0
qwen3-coder-480b-a35b-instruct,2,2,84,1,14,1,1,1,0
qwen3-coder-480b-a35b-instruct,3,1,84,1,20,1,1,1,0
qwen3-coder-480b-a35b-instruct,3,2,84,1,14,1,1,1,0
qwen3-coder-480b-a35b-instruct,0,1,85,1,22,0,1,0,0
qwen3-coder-480b-a35b-instruct,0,2,85,2,20,1,1,1,0
qwen3-coder-480b-a35b-instruct,1,1,85,1,19,0,1,0,0
qwen3-coder-480b-a35b-instruct,1,2,85,1,15,1,1,1,0
qwen3-coder-480b-a35b-instruct,2,1,85,1,18,0,1,0,0
qwen3-coder-480b-a35b-instruct,2,2,85,1,13,1,1,1,0
qwen3-coder-480b-a35b-instruct,3,1,85,1,18,1,1,1,0
qwen3-coder-480b-a35b-instruct,3,2,85,10,2,0,0,1,1
qwen3-coder-480b-a35b-instruct,0,1,86,1,18,1,1,1,0
qwen3-coder-480b-a35b-instruct,0,2,86,3,11,1,1,1,0
qwen3-coder-480b-a35b-instruct,1,1,86,1,15,1,1,1,0
qwen3-coder-480b-a35b-instruct,1,2,86,10,2,0,0,1,1
qwen3-coder-480b-a35b-instruct,2,1,86,1,15,1,1,1,0
qwen3-coder-480b-a35b-instruct,2,2,86,1,24,1,1,1,0
qwen3-coder-480b-a35b-instruct,3,1,86,1,15,1,1,1,0
qwen3-coder-480b-a35b-instruct,3,2,86,1,13,1,1,1,0
qwen3-coder-480b-a35b-instruct,0,1,87,1,11,1,0,0,0
qwen3-coder-480b-a35b-instruct,1,1,87,1,12,1,0,0,0
qwen3-coder-480b-a35b-instruct,2,1,87,1,11,1,0,0,0
qwen3-coder-480b-a35b-instruct,3,1,87,1,11,1,0,0,0
qwen3-coder-480b-a35b-instruct,0,1,88,1,11,1,0,0,0
qwen3-coder-480b-a35b-instruct,1,1,88,1,11,1,0,0,0
qwen3-coder-480b-a35b-instruct,2,1,88,1,11,1,0,0,0
qwen3-coder-480b-a35b-instruct,3,1,88,1,11,1,0,0,0
qwen3-coder-480b-a35b-instruct,0,1,89,1,11,1,0,0,0
qwen3-coder-480b-a35b-instruct,1,1,89,1,11,1,0,0,0
qwen3-coder-480b-a35b-instruct,2,1,89,1,11,1,0,0,0
qwen3-coder-480b-a35b-instruct,3,1,89,1,11,1,0,0,0
qwen3-coder-480b-a35b-instruct,0,1,90,1,11,1,0,0,0
qwen3-coder-480b-a35b-instruct,1,1,90,1,11,1,0,0,0
qwen3-coder-480b-a35b-instruct,2,1,90,1,11,1,0,0,0
qwen3-coder-480b-a35b-instruct,3,1,90,1,11,1,0,0,0
qwen3-coder-480b-a35b-instruct,0,1,91,1,20,1,1,1,0
qwen3-coder-480b-a35b-instruct,0,2,91,1,25,0,0,1,0
qwen3-coder-480b-a35b-instruct,1,1,91,1,17,1,1,1,0
qwen3-coder-480b-a35b-instruct,1,2,91,1,16,1,1,1,0
qwen3-coder-480b-a35b-instruct,2,1,91,1,17,1,1,1,0
qwen3-coder-480b-a35b-instruct,2,2,91,1,4,0,0,1,0
qwen3-coder-480b-a35b-instruct,3,1,91,1,17,1,1,1,0
qwen3-coder-480b-a35b-instruct,3,2,91,10,5,0,0,1,1
qwen3-coder-480b-a35b-instruct,0,1,92,1,22,0,1,0,0
qwen3-coder-480b-a35b-instruct,0,2,92,1,21,1,1,1,0
qwen3-coder-480b-a35b-instruct,1,1,92,1,18,0,1,0,0
qwen3-coder-480b-a35b-instruct,1,2,92,1,15,1,1,1,0
qwen3-coder-480b-a35b-instruct,2,1,92,1,17,0,1,0,0
qwen3-coder-480b-a35b-instruct,2,2,92,1,16,1,1,1,0
qwen3-coder-480b-a35b-instruct,3,1,92,1,18,0,1,0,0
qwen3-coder-480b-a35b-instruct,3,2,92,1,13,1,1,1,0
qwen3-coder-480b-a35b-instruct,0,1,93,1,19,1,1,1,0
qwen3-coder-480b-a35b-instruct,0,2,93,10,3,0,0,1,1
qwen3-coder-480b-a35b-instruct,1,1,93,1,15,1,1,1,0
qwen3-coder-480b-a35b-instruct,1,2,93,2,19,1,1,1,0
qwen3-coder-480b-a35b-instruct,2,1,93,1,15,1,1,1,0
qwen3-coder-480b-a35b-instruct,2,2,93,1,14,1,1,1,0
qwen3-coder-480b-a35b-instruct,3,1,93,1,15,1,1,1,0
qwen3-coder-480b-a35b-instruct,3,2,93,2,13,1,1,1,0
qwen3-coder-480b-a35b-instruct,0,1,94,1,21,1,1,1,0
qwen3-coder-480b-a35b-instruct,0,2,94,1,13,1,0,0,0
qwen3-coder-480b-a35b-instruct,1,1,94,1,15,1,1,1,0
qwen3-coder-480b-a35b-instruct,1,2,94,1,14,1,1,1,0
qwen3-coder-480b-a35b-instruct,2,1,94,1,15,1,1,1,0
qwen3-coder-480b-a35b-instruct,2,2,94,10,4,0,0,1,1
qwen3-coder-480b-a35b-instruct,3,1,94,1,19,1,1,1,0
qwen3-coder-480b-a35b-instruct,3,2,94,2,12,1,1,1,0
qwen3-coder-480b-a35b-instruct,0,1,95,1,11,1,0,0,0
qwen3-coder-480b-a35b-instruct,1,1,95,1,11,1,0,0,0
qwen3-coder-480b-a35b-instruct,2,1,95,1,11,1,0,0,0
qwen3-coder-480b-a35b-instruct,3,1,95,1,11,1,0,0,0
qwen3-coder-480b-a35b-instruct,0,1,96,1,18,1,1,1,0
qwen3-coder-480b-a35b-instruct,0,2,96,1,19,1,1,1,0
qwen3-coder-480b-a35b-instruct,1,1,96,1,15,1,1,1,0
qwen3-coder-480b-a35b-instruct,1,2,96,10,16,0,0,1,1
qwen3-coder-480b-a35b-instruct,2,1,96,1,15,1,1,1,0
qwen3-coder-480b-a35b-instruct,2,2,96,1,12,1,1,1,0
qwen3-coder-480b-a35b-instruct,3,1,96,1,15,1,1,1,0
qwen3-coder-480b-a35b-instruct,3,2,96,5,12,1,1,1,0
qwen3-coder-480b-a35b-instruct,0,1,97,1,11,1,0,0,0
qwen3-coder-480b-a35b-instruct,1,1,97,1,11,1,0,0,0
qwen3-coder-480b-a35b-instruct,2,1,97,1,15,1,1,1,0
qwen3-coder-480b-a35b-instruct,2,2,97,10,4,0,0,1,1
qwen3-coder-480b-a35b-instruct,3,1,97,1,15,1,1,1,0
qwen3-coder-480b-a35b-instruct,3,2,97,7,23,1,1,1,0
qwen3-coder-480b-a35b-instruct,0,1,98,1,23,1,1,1,0
qwen3-coder-480b-a35b-instruct,0,2,98,10,1,0,0,1,1
qwen3-coder-480b-a35b-instruct,1,1,98,1,15,1,1,1,0
qwen3-coder-480b-a35b-instruct,1,2,98,10,4,0,0,1,1
qwen3-coder-480b-a35b-instruct,2,1,98,1,15,1,1,1,0
qwen3-coder-480b-a35b-instruct,2,2,98,1,14,1,1,1,0
qwen3-coder-480b-a35b-instruct,3,1,98,1,15,1,1,1,0
qwen3-coder-480b-a35b-instruct,3,2,98,10,4,0,0,1,1
qwen3-coder-480b-a35b-instruct,0,1,99,1,11,1,0,0,0
qwen3-coder-480b-a35b-instruct,1,1,99,1,11,1,0,0,0
qwen3-coder-480b-a35b-instruct,2,1,99,1,11,1,0,0,0
qwen3-coder-480b-a35b-instruct,3,1,99,1,11,1,0,0,0
qwen3-coder-480b-a35b-instruct,0,1,100,1,22,1,1,1,0
qwen3-coder-480b-a35b-instruct,0,2,100,2,10,1,0,0,0
qwen3-coder-480b-a35b-instruct,1,1,100,1,20,1,1,1,0
qwen3-coder-480b-a35b-instruct,1,2,100,10,1,0,0,1,1
qwen3-coder-480b-a35b-instruct,2,1,100,1,15,1,1,1,0
qwen3-coder-480b-a35b-instruct,2,2,100,10,1,0,0,1,1
qwen3-coder-480b-a35b-instruct,3,1,100,1,16,1,1,1,0
qwen3-coder-480b-a35b-instruct,3,2,100,10,1,0,0,1,1
gpt-4.1-2025-04-14,0,1,1,1,17,1,1,1,0
gpt-4.1-2025-04-14,0,2,1,1,7,1,0,0,0
gpt-4.1-2025-04-14,1,1,1,1,14,1,1,1,0
gpt-4.1-2025-04-14,1,2,1,3,9,0,0,1,0
gpt-4.1-2025-04-14,2,1,1,1,14,1,1,1,0
gpt-4.1-2025-04-14,2,2,1,3,12,1,1,1,0
gpt-4.1-2025-04-14,3,1,1,1,14,1,1,1,0
gpt-4.1-2025-04-14,3,2,1,3,12,1,1,1,0
gpt-4.1-2025-04-14,0,1,2,1,15,1,1,1,0
gpt-4.1-2025-04-14,0,2,2,4,12,1,1,1,0
gpt-4.1-2025-04-14,1,1,2,1,14,1,1,1,0
gpt-4.1-2025-04-14,1,2,2,7,12,1,1,1,0
gpt-4.1-2025-04-14,2,1,2,1,14,1,1,1,0
gpt-4.1-2025-04-14,2,2,2,3,15,1,1,1,0
gpt-4.1-2025-04-14,3,1,2,1,14,1,1,1,0
gpt-4.1-2025-04-14,0,1,1,1,17,1,1,1,0
gpt-4.1-2025-04-14,0,2,1,9,13,1,0,0,0
gpt-4.1-2025-04-14,1,1,1,1,17,1,1,1,0
gpt-4.1-2025-04-14,1,2,1,9,12,1,1,1,0
gpt-4.1-2025-04-14,2,1,1,1,14,1,1,1,0
gpt-4.1-2025-04-14,2,2,1,5,12,1,1,1,0
gpt-4.1-2025-04-14,3,1,1,1,16,1,1,1,0
gpt-4.1-2025-04-14,3,2,1,8,11,1,1,1,0
gpt-4.1-2025-04-14,0,1,2,1,16,1,1,1,0
gpt-4.1-2025-04-14,0,2,2,4,11,1,0,0,0
gpt-4.1-2025-04-14,1,1,2,1,15,1,1,1,0
gpt-4.1-2025-04-14,1,2,2,8,15,1,1,1,0
gpt-4.1-2025-04-14,2,1,2,1,15,1,1,1,0
gpt-4.1-2025-04-14,2,2,2,8,11,1,1,1,0
gpt-4.1-2025-04-14,3,1,2,1,15,1,1,1,0
gpt-4.1-2025-04-14,3,2,2,1,12,1,1,1,0
gpt-4.1-2025-04-14,0,1,3,1,15,1,1,1,0
gpt-4.1-2025-04-14,0,2,3,8,12,1,1,1,0
gpt-4.1-2025-04-14,1,1,3,1,18,1,1,1,0
gpt-4.1-2025-04-14,1,2,3,2,12,1,1,1,0
gpt-4.1-2025-04-14,2,1,3,1,14,1,1,1,0
gpt-4.1-2025-04-14,2,2,3,2,13,1,1,1,0
gpt-4.1-2025-04-14,3,1,3,1,14,1,1,1,0
gpt-4.1-2025-04-14,3,2,3,7,12,1,1,1,0
gpt-4.1-2025-04-14,0,1,4,1,19,1,1,1,0
gpt-4.1-2025-04-14,0,2,4,10,10,0,0,1,1
gpt-4.1-2025-04-14,1,1,4,1,15,1,1,1,0
gpt-4.1-2025-04-14,1,2,4,1,12,1,0,0,0
gpt-4.1-2025-04-14,2,1,4,1,19,1,1,1,0
gpt-4.1-2025-04-14,2,2,4,10,15,0,0,1,1
gpt-4.1-2025-04-14,3,1,4,1,19,1,1,1,0
gpt-4.1-2025-04-14,3,2,4,3,12,1,0,0,0
gpt-4.1-2025-04-14,0,1,5,1,23,1,1,1,0
gpt-4.1-2025-04-14,0,2,5,2,12,1,0,0,0
gpt-4.1-2025-04-14,1,1,5,1,19,1,1,1,0
gpt-4.1-2025-04-14,1,2,5,2,34,1,1,1,0
gpt-4.1-2025-04-14,2,1,5,1,17,1,1,1,0
gpt-4.1-2025-04-14,2,2,5,2,46,1,1,1,0
gpt-4.1-2025-04-14,3,1,5,1,16,1,1,1,0
gpt-4.1-2025-04-14,3,2,5,3,13,1,0,0,0
gpt-4.1-2025-04-14,0,1,6,1,19,1,1,1,0
gpt-4.1-2025-04-14,0,2,6,2,12,1,0,0,0
gpt-4.1-2025-04-14,1,1,6,1,24,1,1,1,0
gpt-4.1-2025-04-14,1,2,6,10,1,0,0,1,1
gpt-4.1-2025-04-14,2,1,6,1,18,1,1,1,0
gpt-4.1-2025-04-14,0,1,1,1,22,1,1,1,0
gpt-4.1-2025-04-14,0,2,1,1,17,1,1,1,0
gpt-4.1-2025-04-14,1,1,1,1,20,1,1,1,0
gpt-4.1-2025-04-14,1,2,1,1,13,1,1,1,0
gpt-4.1-2025-04-14,2,1,1,1,14,1,1,1,0
gpt-4.1-2025-04-14,2,2,1,7,12,1,0,0,0
gpt-4.1-2025-04-14,3,1,1,1,19,1,1,1,0
gpt-4.1-2025-04-14,3,2,1,10,12,0,0,1,1
gpt-4.1-2025-04-14,0,1,2,1,22,1,1,1,0
gpt-4.1-2025-04-14,0,2,2,1,13,1,1,1,0
gpt-4.1-2025-04-14,1,1,2,1,26,1,1,1,0
gpt-4.1-2025-04-14,1,2,2,10,1,0,0,1,1
gpt-4.1-2025-04-14,2,1,2,1,21,1,1,1,0
gpt-4.1-2025-04-14,2,2,2,10,1,0,0,1,1
gpt-4.1-2025-04-14,3,1,2,1,24,1,1,1,0
gpt-4.1-2025-04-14,3,2,2,2,14,1,0,0,0
gpt-4.1-2025-04-14,0,1,3,1,16,1,1,1,0
gpt-4.1-2025-04-14,0,2,3,8,9,1,0,0,0
gpt-4.1-2025-04-14,1,1,3,1,15,1,1,1,0
gpt-4.1-2025-04-14,1,2,3,1,10,1,0,0,0
gpt-4.1-2025-04-14,2,1,3,1,14,1,1,1,0
gpt-4.1-2025-04-14,2,2,3,7,24,1,1,1,0
gpt-4.1-2025-04-14,3,1,3,1,14,1,1,1,0
gpt-4.1-2025-04-14,3,2,3,1,7,1,0,0,0
gpt-4.1-2025-04-14,0,1,4,1,19,1,1,1,0
gpt-4.1-2025-04-14,0,2,4,2,12,1,1,1,0
gpt-4.1-2025-04-14,1,1,4,1,14,1,1,1,0
gpt-4.1-2025-04-14,1,2,4,3,11,1,1,1,0
gpt-4.1-2025-04-14,2,1,4,1,16,1,1,1,0
gpt-4.1-2025-04-14,2,2,4,2,12,1,1,1,0
gpt-4.1-2025-04-14,3,1,4,1,14,1,1,1,0
gpt-4.1-2025-04-14,3,2,4,7,14,1,1,1,0
gpt-4.1-2025-04-14,0,1,5,1,20,1,1,1,0
gpt-4.1-2025-04-14,0,2,5,10,15,0,0,1,1
gpt-4.1-2025-04-14,1,1,5,1,24,1,1,1,0
gpt-4.1-2025-04-14,1,2,5,10,1,0,0,1,1
gpt-4.1-2025-04-14,2,1,5,1,27,1,1,1,0
gpt-4.1-2025-04-14,2,2,5,10,1,0,0,1,1
gpt-4.1-2025-04-14,3,1,5,1,26,1,1,1,0
gpt-4.1-2025-04-14,3,2,5,10,1,0,0,1,1
gpt-4.1-2025-04-14,0,1,6,1,14,1,1,1,0
gpt-4.1-2025-04-14,0,2,6,7,9,1,0,0,0
gpt-4.1-2025-04-14,1,1,6,1,16,1,1,1,0
gpt-4.1-2025-04-14,1,2,6,1,11,1,0,0,0
gpt-4.1-2025-04-14,2,1,6,1,17,1,1,1,0
gpt-4.1-2025-04-14,2,2,6,2,21,0,0,1,0
gpt-4.1-2025-04-14,3,1,6,1,14,1,1,1,0
gpt-4.1-2025-04-14,3,2,6,3,11,1,0,0,0
gpt-4.1-2025-04-14,0,1,7,1,18,1,1,1,0
gpt-4.1-2025-04-14,0,2,7,1,16,0,0,1,0
gpt-4.1-2025-04-14,1,1,7,1,20,1,1,1,0
gpt-4.1-2025-04-14,1,2,7,10,13,0,0,1,1
gpt-4.1-2025-04-14,2,1,7,1,15,1,1,1,0
gpt-4.1-2025-04-14,2,2,7,8,8,0,0,1,0
gpt-4.1-2025-04-14,3,1,7,1,15,1,1,1,0
gpt-4.1-2025-04-14,3,2,7,8,11,1,0,0,0
gpt-4.1-2025-04-14,0,1,8,1,19,1,1,1,0
gpt-4.1-2025-04-14,0,2,8,2,12,1,1,1,0
gpt-4.1-2025-04-14,1,1,8,1,15,1,1,1,0
gpt-4.1-2025-04-14,1,2,8,1,12,1,1,1,0
gpt-4.1-2025-04-14,2,1,8,1,15,1,1,1,0
gpt-4.1-2025-04-14,2,2,8,8,12,1,1,1,0
gpt-4.1-2025-04-14,3,1,8,1,18,1,1,1,0
gpt-4.1-2025-04-14,3,2,8,6,12,1,0,0,0
gpt-4.1-2025-04-14,0,1,9,1,20,1,1,1,0
gpt-4.1-2025-04-14,0,2,9,2,16,1,1,1,0
gpt-4.1-2025-04-14,1,1,9,1,14,1,1,1,0
gpt-4.1-2025-04-14,1,2,9,3,6,1,0,0,0
gpt-4.1-2025-04-14,2,1,9,1,14,1,1,1,0
gpt-4.1-2025-04-14,2,2,9,3,26,1,0,0,0
gpt-4.1-2025-04-14,3,1,9,1,14,1,1,1,0
gpt-4.1-2025-04-14,3,2,9,1,12,1,1,1,0
gpt-4.1-2025-04-14,0,1,10,1,26,1,1,1,0
gpt-4.1-2025-04-14,0,2,10,1,7,1,0,0,0
gpt-4.1-2025-04-14,1,1,10,1,17,1,1,1,0
gpt-4.1-2025-04-14,1,2,10,9,13,1,1,1,0
gpt-4.1-2025-04-14,2,1,10,1,14,1,1,1,0
gpt-4.1-2025-04-14,2,2,10,7,11,1,1,1,0
gpt-4.1-2025-04-14,3,1,10,1,15,1,1,1,0
gpt-4.1-2025-04-14,3,2,10,2,14,1,1,1,0
gpt-4.1-2025-04-14,0,1,11,1,18,1,1,1,0
gpt-4.1-2025-04-14,0,2,11,1,8,1,0,0,0
gpt-4.1-2025-04-14,1,1,11,1,18,1,1,1,0
gpt-4.1-2025-04-14,1,2,11,1,11,1,1,1,0
gpt-4.1-2025-04-14,2,1,11,1,14,1,1,1,0
gpt-4.1-2025-04-14,2,2,11,1,21,1,0,0,0
gpt-4.1-2025-04-14,3,1,11,1,14,1,1,1,0
gpt-4.1-2025-04-14,3,2,11,7,14,1,1,1,0
gpt-4.1-2025-04-14,0,1,12,1,22,1,1,1,0
gpt-4.1-2025-04-14,0,2,12,1,13,1,0,0,0
gpt-4.1-2025-04-14,1,1,12,1,19,1,1,1,0
gpt-4.1-2025-04-14,1,2,12,10,12,0,0,1,1
gpt-4.1-2025-04-14,2,1,12,1,24,1,1,1,0
gpt-4.1-2025-04-14,2,2,12,10,1,0,0,1,1
gpt-4.1-2025-04-14,3,1,12,1,19,1,1,1,0
gpt-4.1-2025-04-14,3,2,12,10,22,0,1,0,1
gpt-4.1-2025-04-14,0,1,13,1,19,1,1,1,0
gpt-4.1-2025-04-14,0,2,13,3,11,1,0,0,0
gpt-4.1-2025-04-14,1,1,13,1,15,1,1,1,0
gpt-4.1-2025-04-14,1,2,13,8,11,1,0,0,0
gpt-4.1-2025-04-14,2,1,13,1,18,1,1,1,0
gpt-4.1-2025-04-14,2,2,13,1,8,1,0,0,0
gpt-4.1-2025-04-14,3,1,13,1,15,1,1,1,0
gpt-4.1-2025-04-14,3,2,13,8,11,1,0,0,0
gpt-4.1-2025-04-14,0,1,14,1,23,1,1,1,0
claude-sonnet-4-20250514,0,1,1,1,20,1,1,1,0
claude-sonnet-4-20250514,0,2,1,1,16,1,1,1,0
claude-sonnet-4-20250514,1,1,1,1,18,1,1,1,0
claude-sonnet-4-20250514,1,2,1,1,14,1,1,1,0
claude-sonnet-4-20250514,2,1,1,1,16,1,1,1,0
gemini-2.5-pro,0,1,1,10,1,0,0,1,1
gemini-2.5-pro,1,1,1,10,1,0,0,1,1
gemini-2.5-pro,2,1,1,10,1,0,0,1,1
gemini-2.5-flash,0,1,1,10,1,0,0,1,1
deepseek-v3.1,0,1,1,1,28,1,1,1,0
deepseek-v3.1,0,2,1,10,1,0,0,1,1
deepseek-v3.1,1,1,1,1,27,1,1,1,0
deepseek-v3.1,1,2,1,2,12,1,1,1,0
deepseek-v3.1,2,1,1,1,31,1,1,1,0
deepseek-v3.1,2,2,1,2,12,1,1,1,0
deepseek-v3.1,0,1,1,1,15,1,1,1,0
deepseek-v3.1,0,2,1,2,13,1,1,1,0
deepseek-v3.1,1,1,1,1,14,1,1,1,0
deepseek-v3.1,1,2,1,2,12,1,1,1,0
deepseek-v3.1,2,1,1,1,15,1,1,1,0
deepseek-v3.1,2,2,1,1,16,1,1,1,0
deepseek-v3.1,3,1,1,1,15,1,1,1,0
deepseek-v3.1,3,2,1,1,14,1,1,1,0
deepseek-v3.1,0,1,2,1,28,1,1,1,0
deepseek-v3.1,0,2,2,2,15,1,1,1,0
deepseek-v3.1,1,1,2,1,27,1,1,1,0
deepseek-v3.1,1,2,2,2,12,1,1,1,0
deepseek-v3.1,2,1,2,1,13,1,1,1,0
deepseek-v3.1,2,2,2,1,13,1,1,1,0
deepseek-v3.1,3,1,2,1,14,1,1,1,0
deepseek-v3.1,3,2,2,2,17,1,1,1,0
deepseek-v3.1,0,1,3,1,14,1,1,1,0
deepseek-v3.1,0,2,3,2,11,1,1,1,0
deepseek-v3.1,1,1,3,1,27,1,1,1,0
deepseek-v3.1,1,2,3,2,18,1,1,1,0
deepseek-v3.1,0,1,1,1,35,1,1,1,0
deepseek-v3.1,0,1,1,1,18,1,1,1,0
deepseek-v3.1,0,2,1,2,13,1,1,1,0
deepseek-v3.1,1,1,1,1,16,1,1,1,0
deepseek-v3.1,1,2,1,10,1,0,0,1,1
deepseek-v3.1,2,1,1,1,15,1,1,1,0
deepseek-v3.1,2,2,1,1,13,1,1,1,0
deepseek-v3.1,3,1,1,1,15,1,1,1,0
deepseek-v3.1,3,2,1,10,1,0,0,1,1
deepseek-v3.1,0,1,2,1,20,1,1,1,0
deepseek-v3.1,0,2,2,10,1,0,0,1,1
deepseek-v3.1,1,1,2,1,23,1,1,1,0
deepseek-v3.1,1,2,2,10,1,0,0,1,1
deepseek-v3.1,2,1,2,1,15,1,1,1,0
deepseek-v3.1,2,2,2,3,15,1,1,1,0
deepseek-v3.1,3,1,2,1,15,1,1,1,0
deepseek-v3.1,3,2,2,2,13,1,1,1,0
deepseek-v3.1,0,1,3,1,38,1,1,1,0
deepseek-v3.1,0,1,1,1,16,1,1,1,0
deepseek-v3.1,0,2,1,10,1,0,0,1,1
deepseek-v3.1,1,1,1,1,16,1,1,1,0
deepseek-v3.1,1,2,1,10,1,0,0,1,1
deepseek-v3.1,2,1,1,1,15,1,1,1,0
deepseek-v3.1,2,2,1,10,15,0,0,1,1
deepseek-v3.1,3,1,1,1,14,1,1,1,0
deepseek-v3.1,3,2,1,10,1,0,0,1,1
deepseek-v3.1,0,1,2,1,46,1,1,1,0
deepseek-v3.1,0,2,2,10,1,0,0,1,1
deepseek-v3.1,1,1,2,1,18,1,1,1,0
deepseek-v3.1,1,2,2,10,1,0,0,1,1
deepseek-v3.1,2,1,2,1,16,1,1,1,0
deepseek-v3.1,2,2,2,10,1,0,0,1,1
deepseek-v3.1,3,1,2,1,16,1,1,1,0
deepseek-v3.1,3,2,2,10,1,0,0,1,1
deepseek-v3.1,0,1,3,1,19,1,1,1,0
deepseek-v3.1,0,2,3,10,1,0,0,1,1
deepseek-v3.1,1,1,3,1,15,1,1,1,0
deepseek-v3.1,1,2,3,10,1,0,0,1,1
deepseek-v3.1,2,1,3,1,15,1,1,1,0
deepseek-v3.1,2,2,3,10,1,0,0,1,1
deepseek-v3.1,3,1,3,1,14,1,1,1,0
deepseek-v3.1,3,2,3,2,11,1,0,0,0
deepseek-v3.1,0,1,4,1,16,1,1,1,0
deepseek-v3.1,0,2,4,10,1,0,0,1,1
deepseek-v3.1,1,1,4,1,18,1,1,1,0
deepseek-v3.1,1,2,4,10,1,0,0,1,1
deepseek-v3.1,2,1,4,1,18,1,1,1,0
deepseek-v3.1,2,2,4,10,1,0,0,1,1
deepseek-v3.1,3,1,4,1,16,1,1,1,0
deepseek-v3.1,3,2,4,10,1,0,0,1,1
deepseek-v3.1,0,1,5,1,20,1,1,1,0
deepseek-v3.1,0,2,5,10,1,0,0,1,1
deepseek-v3.1,1,1,5,1,20,1,1,1,0
deepseek-v3.1,1,2,5,10,1,0,0,1,1
deepseek-v3.1,2,1,5,1,22,1,1,1,0
deepseek-v3.1,2,2,5,10,1,0,0,1,1
deepseek-v3.1,3,1,5,1,15,1,1,1,0
deepseek-v3.1,3,2,5,10,1,0,0,1,1
deepseek-v3.1,0,1,6,1,40,1,1,1,0
deepseek-v3.1,0,2,6,10,1,0,0,1,1
deepseek-v3.1,1,1,6,1,16,1,1,1,0
deepseek-v3.1,1,2,6,10,1,0,0,1,1
deepseek-v3.1,2,1,6,1,14,1,1,1,0
deepseek-v3.1,2,2,6,10,1,0,0,1,1
deepseek-v3.1,3,1,6,1,15,1,1,1,0
deepseek-v3.1,3,2,6,10,1,0,0,1,1
deepseek-v3.1,0,1,7,1,20,1,1,1,0
deepseek-v3.1,0,2,7,10,1,0,0,1,1
deepseek-v3.1,1,1,7,1,16,1,1,1,0
deepseek-v3.1,1,2,7,10,1,0,0,1,1
deepseek-v3.1,2,1,7,1,17,1,1,1,0
deepseek-v3.1,2,2,7,10,1,0,0,1,1
deepseek-v3.1,0,1,1,1,23,1,1,1,0
deepseek-v3.1,0,2,1,10,1,0,0,1,1
deepseek-v3.1,1,1,1,1,34,1,1,1,0
deepseek-v3.1,1,2,1,10,1,0,0,1,1
deepseek-v3.1,2,1,1,1,15,1,1,1,0
deepseek-v3.1,2,2,1,10,1,0,0,1,1
deepseek-v3.1,3,1,1,1,14,1,1,1,0
deepseek-v3.1,3,2,1,10,1,0,0,1,1
deepseek-v3.1,0,1,2,1,15,1,1,1,0
deepseek-v3.1,0,2,2,10,1,0,0,1,1
deepseek-v3.1,1,1,2,1,16,1,1,1,0
deepseek-v3.1,1,2,2,10,1,0,0,1,1
deepseek-v3.1,2,1,2,1,39,1,1,1,0
deepseek-v3.1,2,2,2,10,1,0,0,1,1
deepseek-v3.1,3,1,2,1,15,1,1,1,0
deepseek-v3.1,3,2,2,10,1,0,0,1,1
deepseek-v3.1,0,1,3,1,41,1,1,1,0
deepseek-v3.1,0,2,3,10,1,0,0,1,1
deepseek-v3.1,1,1,3,1,16,1,1,1,0
deepseek-v3.1,1,2,3,10,1,0,0,1,1
deepseek-v3.1,2,1,3,1,16,1,1,1,0
deepseek-v3.1,2,2,3,10,1,0,0,1,1
deepseek-v3.1,3,1,3,1,16,1,1,1,0
deepseek-v3.1,3,2,3,10,1,0,0,1,1
deepseek-v3.1,0,1,4,1,28,1,1,1,0
deepseek-v3.1,0,2,4,10,1,0,0,1,1
deepseek-v3.1,1,1,4,1,16,1,1,1,0
deepseek-v3.1,1,2,4,10,1,0,0,1,1
deepseek-v3.1,2,1,4,1,15,1,1,1,0
deepseek-v3.1,2,2,4,10,1,0,0,1,1
deepseek-v3.1,3,1,4,1,14,1,1,1,0
deepseek-v3.1,3,2,4,10,1,0,0,1,1
deepseek-v3.1,0,1,5,1,29,1,1,1,0
deepseek-v3.1,0,1,1,1,27,1,1,1,0
deepseek-v3.1,0,1,1,1,40,1,1,1,0
deepseek-v3.1,0,2,1,10,1,0,0,1,1
deepseek-v3.1,1,1,1,1,27,1,1,1,0
deepseek-v3.1,1,2,1,2,12,1,1,1,0
deepseek-v3.1,2,1,1,1,14,1,1,1,0
deepseek-v3.1,0,1,1,1,28,1,1,1,0
deepseek-v3.1,0,2,1,2,13,1,1,1,0
deepseek-v3.1,1,1,1,1,16,1,1,1,0
deepseek-v3.1,1,2,1,8,13,1,1,1,0
deepseek-v3.1,2,1,1,1,24,1,1,1,0
deepseek-v3.1,2,2,1,10,1,0,0,1,1
deepseek-v3.1,3,1,1,1,14,1,1,1,0
deepseek-v3.1,3,2,1,1,13,1,1,1,0
deepseek-v3.1,0,1,2,1,13,1,1,1,0
deepseek-v3.1,0,2,2,2,11,1,1,1,0
deepseek-v3.1,1,1,2,1,13,1,1,1,0
deepseek-v3.1,1,2,2,2,11,1,1,1,0
deepseek-v3.1,2,1,2,1,26,1,1,1,0
deepseek-v3.1,2,2,2,2,11,1,1,1,0
deepseek-v3.1,3,1,2,1,26,1,1,1,0
deepseek-v3.1,3,2,2,2,12,1,1,1,0
deepseek-v3.1,0,1,3,1,15,1,1,1,0
deepseek-v3.1,0,2,3,2,13,1,1,1,0
deepseek-v3.1,1,1,3,1,16,1,1,1,0
deepseek-v3.1,1,2,3,8,13,1,1,1,0
deepseek-v3.1,2,1,3,1,16,1,1,1,0
deepseek-v3.1,2,2,3,8,14,1,1,1,0
deepseek-v3.1,3,1,3,1,14,1,1,1,0
deepseek-v3.1,3,2,3,2,12,1,1,1,0
deepseek-v3.1,0,1,4,1,26,1,1,1,0
deepseek-v3.1,0,2,4,2,12,1,1,1,0
deepseek-v3.1,1,1,4,1,13,1,1,1,0
deepseek-v3.1,1,2,4,2,11,1,1,1,0
deepseek-v3.1,2,1,4,1,28,1,1,1,0
deepseek-v3.1,2,2,4,10,1,0,0,1,1
deepseek-v3.1,3,1,4,1,15,1,1,1,0
deepseek-v3.1,3,2,4,10,1,0,0,1,1
deepseek-v3.1,0,1,5,1,25,1,1,1,0
deepseek-v3.1,0,2,5,1,11,1,1,1,0
deepseek-v3.1,1,1,5,1,13,1,1,1,0
deepseek-v3.1,1,2,5,2,12,1,1,1,0
deepseek-v3.1,2,1,5,1,13,1,1,1,0
deepseek-v3.1,2,2,5,1,12,1,1,1,0
deepseek-v3.1,3,1,5,1,28,1,1,1,0
deepseek-v3.1,3,2,5,1,14,1,1,1,0
deepseek-v3.1,0,1,6,1,16,1,1,1,0
deepseek-v3.1,0,2,6,2,13,1,1,1,0
deepseek-v3.1,1,1,6,1,15,1,1,1,0
deepseek-v3.1,1,2,6,10,1,0,0,1,1
deepseek-v3.1,2,1,6,1,16,1,1,1,0
deepseek-v3.1,2,2,6,2,14,1,1,1,0
deepseek-v3.1,3,1,6,1,14,1,1,1,0
deepseek-v3.1,3,2,6,1,13,1,1,1,0
deepseek-v3.1,0,1,7,1,13,1,1,1,0
deepseek-v3.1,0,2,7,1,11,1,1,1,0
deepseek-v3.1,1,1,7,1,13,1,1,1,0
deepseek-v3.1,1,2,7,2,11,1,1,1,0
deepseek-v3.1,2,1,7,1,14,1,1,1,0
deepseek-v3.1,2,2,7,2,12,1,1,1,0
deepseek-v3.1,3,1,7,1,26,1,1,1,0
deepseek-v3.1,3,2,7,2,11,1,1,1,0
deepseek-v3.1,0,1,8,1,24,1,1,1,0
deepseek-v3.1,0,2,8,10,1,0,0,1,1
deepseek-v3.1,1,1,8,1,16,1,1,1,0
deepseek-v3.1,1,2,8,2,14,1,1,1,0
deepseek-v3.1,2,1,8,1,13,1,1,1,0
deepseek-v3.1,2,2,8,2,11,1,1,1,0
deepseek-v3.1,3,1,8,1,13,1,1,1,0
deepseek-v3.1,3,2,8,2,11,1,1,1,0
deepseek-v3.1,0,1,9,1,14,1,1,1,0
deepseek-v3.1,0,2,9,1,12,1,1,1,0
deepseek-v3.1,1,1,9,1,15,1,1,1,0
deepseek-v3.1,1,2,9,1,13,1,1,1,0
deepseek-v3.1,2,1,9,1,26,1,1,1,0
deepseek-v3.1,2,2,9,1,13,1,1,1,0
deepseek-v3.1,3,1,9,1,13,1,1,1,0
deepseek-v3.1,3,2,9,2,11,1,1,1,0
deepseek-v3.1,0,1,10,1,16,1,1,1,0
deepseek-v3.1,0,2,10,2,13,1,1,1,0
deepseek-v3.1,1,1,10,1,13,1,1,1,0
deepseek-v3.1,1,2,10,2,11,1,1,1,0
deepseek-v3.1,2,1,10,1,14,1,1,1,0
deepseek-v3.1,2,2,10,2,12,1,1,1,0
deepseek-v3.1,3,1,10,1,16,1,1,1,0
deepseek-v3.1,3,2,10,8,13,1,1,1,0
deepseek-v3.1,0,1,11,1,15,1,1,1,0
deepseek-v3.1,0,2,11,1,13,1,1,1,0
deepseek-v3.1,1,1,11,1,27,1,1,1,0
deepseek-v3.1,1,2,11,2,12,1,1,1,0
deepseek-v3.1,2,1,11,1,31,1,1,1,0
deepseek-v3.1,2,2,11,2,12,1,1,1,0
deepseek-v3.1,3,1,11,1,16,1,1,1,0
deepseek-v3.1,3,2,11,10,1,0,0,1,1
deepseek-v3.1,0,1,12,1,15,1,1,1,0
deepseek-v3.1,0,2,12,1,12,1,1,1,0
deepseek-v3.1,1,1,12,1,32,1,1,1,0
deepseek-v3.1,1,2,12,2,12,1,1,1,0
deepseek-v3.1,2,1,12,1,13,1,1,1,0
deepseek-v3.1,2,2,12,1,12,1,1,1,0
deepseek-v3.1,3,1,12,1,14,1,1,1,0
deepseek-v3.1,3,2,12,1,12,1,1,1,0
deepseek-v3.1,0,1,13,1,29,1,1,1,0
deepseek-v3.1,0,2,13,2,12,1,1,1,0
deepseek-v3.1,1,1,13,1,14,1,1,1,0
deepseek-v3.1,1,2,13,2,12,1,1,1,0
deepseek-v3.1,2,1,13,1,28,1,1,1,0
deepseek-v3.1,2,2,13,2,12,1,1,1,0
deepseek-v3.1,3,1,13,1,14,1,1,1,0
deepseek-v3.1,3,2,13,2,12,1,1,1,0
deepseek-v3.1,0,1,14,1,26,1,1,1,0
deepseek-v3.1,0,2,14,2,11,1,1,1,0
deepseek-v3.1,1,1,14,1,26,1,1,1,0
deepseek-v3.1,1,2,14,10,1,0,0,1,1
deepseek-v3.1,2,1,14,1,22,1,1,1,0
deepseek-v3.1,2,2,14,2,14,1,1,1,0
deepseek-v3.1,3,1,14,1,26,1,1,1,0
deepseek-v3.1,3,2,14,4,11,1,1,1,0
deepseek-v3.1,0,1,15,1,15,1,1,1,0
deepseek-v3.1,0,2,15,2,13,1,1,1,0
deepseek-v3.1,1,1,15,1,14,1,1,1,0
deepseek-v3.1,1,2,15,1,13,1,1,1,0
deepseek-v3.1,2,1,15,1,16,1,1,1,0
deepseek-v3.1,2,2,15,2,18,1,1,1,0
deepseek-v3.1,3,1,15,1,16,1,1,1,0
deepseek-v3.1,3,2,15,2,13,1,1,1,0
deepseek-v3.1,0,1,16,1,26,1,1,1,0
deepseek-v3.1,0,2,16,2,11,1,1,1,0
deepseek-v3.1,1,1,16,1,13,1,1,1,0
deepseek-v3.1,1,2,16,1,11,1,1,1,0
deepseek-v3.1,2,1,16,1,14,1,1,1,0
deepseek-v3.1,2,2,16,7,11,1,1,1,0
deepseek-v3.1,3,1,16,1,14,1,1,1,0
deepseek-v3.1,3,2,16,1,12,1,1,1,0
deepseek-v3.1,0,1,17,1,28,1,1,1,0
deepseek-v3.1,0,2,17,2,17,1,1,1,0
deepseek-v3.1,1,1,17,1,27,1,1,1,0
deepseek-v3.1,1,2,17,1,12,1,1,1,0
deepseek-v3.1,2,1,17,1,15,1,1,1,0
deepseek-v3.1,2,2,17,2,13,1,1,1,0
deepseek-v3.1,3,1,17,1,27,1,1,1,0
deepseek-v3.1,3,2,17,2,12,1,1,1,0
deepseek-v3.1,0,1,18,1,15,1,1,1,0
deepseek-v3.1,0,2,18,1,12,1,1,1,0
deepseek-v3.1,1,1,18,1,16,1,1,1,0
deepseek-v3.1,1,2,18,1,13,1,1,1,0
deepseek-v3.1,2,1,18,1,13,1,1,1,0
deepseek-v3.1,2,2,18,1,11,1,1,1,0
deepseek-v3.1,3,1,18,1,15,1,1,1,0
deepseek-v3.1,3,2,18,2,13,1,1,1,0
deepseek-v3.1,0,1,19,1,14,1,1,1,0
deepseek-v3.1,0,2,19,1,13,1,1,1,0
deepseek-v3.1,1,1,19,1,14,1,1,1,0
deepseek-v3.1,1,2,19,3,12,1,1,1,0
deepseek-v3.1,2,1,19,1,15,1,1,1,0
deepseek-v3.1,2,2,19,2,13,1,1,1,0
deepseek-v3.1,3,1,19,1,13,1,1,1,0
deepseek-v3.1,3,2,19,2,15,1,1,1,0
deepseek-v3.1,0,1,20,1,27,1,1,1,0
deepseek-v3.1,0,2,20,2,12,1,1,1,0
deepseek-v3.1,1,1,20,1,27,1,1,1,0
deepseek-v3.1,1,2,20,2,12,1,1,1,0
deepseek-v3.1,2,1,20,1,27,1,1,1,0
deepseek-v3.1,2,2,20,2,12,1,1,1,0
deepseek-v3.1,3,1,20,1,26,1,1,1,0
deepseek-v3.1,3,2,20,2,11,1,1,1,0
deepseek-v3.1,0,1,21,1,26,1,1,1,0
deepseek-v3.1,0,2,21,10,1,0,0,1,1
deepseek-v3.1,1,1,21,1,14,1,1,1,0
deepseek-v3.1,1,2,21,2,12,1,1,1,0
deepseek-v3.1,2,1,21,1,14,1,1,1,0
deepseek-v3.1,2,2,21,2,11,1,1,1,0
deepseek-v3.1,3,1,21,1,16,1,1,1,0
deepseek-v3.1,3,2,21,8,14,1,1,1,0
deepseek-v3.1,0,1,22,1,14,1,1,1,0
deepseek-v3.1,0,2,22,1,13,1,1,1,0
deepseek-v3.1,1,1,22,1,27,1,1,1,0
deepseek-v3.1,1,2,22,2,12,1,1,1,0
deepseek-v3.1,2,1,22,1,14,1,1,1,0
deepseek-v3.1,2,2,22,2,12,1,1,1,0
deepseek-v3.1,3,1,22,1,15,1,1,1,0
deepseek-v3.1,3,2,22,9,12,1,1,1,0
deepseek-v3.1,0,1,23,1,27,1,1,1,0
deepseek-v3.1,0,2,23,2,16,1,1,1,0
deepseek-v3.1,1,1,23,1,15,1,1,1,0
deepseek-v3.1,1,2,23,2,12,1,1,1,0
deepseek-v3.1,2,1,23,1,15,1,1,1,0
deepseek-v3.1,2,2,23,1,13,1,1,1,0
deepseek-v3.1,3,1,23,1,14,1,1,1,0
deepseek-v3.1,3,2,23,1,12,1,1,1,0
deepseek-v3.1,0,1,24,1,13,1,1,1,0
deepseek-v3.1,0,2,24,2,11,1,1,1,0
deepseek-v3.1,1,1,24,1,14,1,1,1,0
deepseek-v3.1,1,2,24,1,12,1,1,1,0
deepseek-v3.1,2,1,24,1,14,1,1,1,0
deepseek-v3.1,2,2,24,10,1,0,0,1,1
deepseek-v3.1,3,1,24,1,13,1,1,1,0
deepseek-v3.1,3,2,24,2,11,1,1,1,0
deepseek-v3.1,0,1,25,1,26,1,1,1,0
deepseek-v3.1,0,2,25,1,12,1,1,1,0
deepseek-v3.1,1,1,25,1,31,1,1,1,0
deepseek-v3.1,1,2,25,1,12,1,1,1,0
deepseek-v3.1,2,1,25,1,16,1,1,1,0
deepseek-v3.1,2,2,25,8,13,1,1,1,0
deepseek-v3.1,3,1,25,1,27,1,1,1,0
deepseek-v3.1,3,2,25,1,12,1,1,1,0
deepseek-v3.1,0,1,26,1,15,1,1,1,0
deepseek-v3.1,0,2,26,8,12,1,1,1,0
deepseek-v3.1,1,1,26,1,16,1,1,1,0
deepseek-v3.1,1,2,26,8,13,1,1,1,0
deepseek-v3.1,2,1,26,1,29,1,1,1,0
deepseek-v3.1,2,2,26,10,1,0,0,1,1
deepseek-v3.1,3,1,26,1,16,1,1,1,0
deepseek-v3.1,3,2,26,8,13,1,1,1,0
deepseek-v3.1,0,1,27,1,33,1,1,1,0
deepseek-v3.1,0,2,27,2,12,1,1,1,0
deepseek-v3.1,1,1,27,1,14,1,1,1,0
deepseek-v3.1,1,2,27,2,11,1,1,1,0
deepseek-v3.1,2,1,27,1,15,1,1,1,0
deepseek-v3.1,2,2,27,1,14,1,1,1,0
deepseek-v3.1,3,1,27,1,27,1,1,1,0
deepseek-v3.1,3,2,27,2,12,1,1,1,0
deepseek-v3.1,0,1,28,1,15,1,1,1,0
deepseek-v3.1,0,2,28,1,14,1,1,1,0
deepseek-v3.1,1,1,28,1,32,1,1,1,0
deepseek-v3.1,1,2,28,2,13,1,1,1,0
deepseek-v3.1,2,1,28,1,26,1,1,1,0
deepseek-v3.1,2,2,28,2,11,1,1,1,0
deepseek-v3.1,3,1,28,1,27,1,1,1,0
deepseek-v3.1,3,2,28,2,12,1,1,1,0
deepseek-v3.1,0,1,29,1,27,1,1,1,0
deepseek-v3.1,0,2,29,1,17,1,1,1,0
deepseek-v3.1,1,1,29,1,31,1,1,1,0
deepseek-v3.1,1,2,29,3,11,1,1,1,0
deepseek-v3.1,2,1,29,1,14,1,1,1,0
deepseek-v3.1,2,2,29,2,12,1,1,1,0
deepseek-v3.1,3,1,29,1,26,1,1,1,0
deepseek-v3.1,3,2,29,2,11,1,1,1,0
claude-sonnet-4-20250514,0,1,1,1,18,1,1,1,0
claude-sonnet-4-20250514,0,2,1,1,15,1,1,1,0
claude-sonnet-4-20250514,1,1,1,1,17,1,1,1,0
claude-sonnet-4-20250514,1,2,1,2,14,1,1,1,0
claude-sonnet-4-20250514,2,1,1,1,18,1,1,1,0
claude-sonnet-4-20250514,2,2,1,2,13,1,1,1,0
claude-sonnet-4-20250514,3,1,1,1,18,1,1,1,0
claude-sonnet-4-20250514,3,2,1,10,14,0,1,0,1
claude-sonnet-4-20250514,0,1,2,1,16,1,1,1,0
claude-sonnet-4-20250514,0,2,2,1,14,1,1,1,0
claude-sonnet-4-20250514,1,1,2,1,17,1,1,1,0
claude-sonnet-4-20250514,1,2,2,2,13,1,1,1,0
claude-sonnet-4-20250514,2,1,2,1,15,1,1,1,0
claude-sonnet-4-20250514,2,2,2,1,14,1,1,1,0
claude-sonnet-4-20250514,3,1,2,1,15,1,1,1,0
claude-sonnet-4-20250514,3,2,2,3,13,1,1,1,0
claude-sonnet-4-20250514,0,1,3,1,16,1,1,1,0
claude-sonnet-4-20250514,0,2,3,1,15,1,1,1,0
claude-sonnet-4-20250514,1,1,3,1,15,1,1,1,0
claude-sonnet-4-20250514,1,2,3,2,13,1,1,1,0
claude-sonnet-4-20250514,2,1,3,1,17,1,1,1,0
claude-sonnet-4-20250514,2,2,3,1,14,1,1,1,0
claude-sonnet-4-20250514,3,1,3,1,17,1,1,1,0
claude-sonnet-4-20250514,3,2,3,10,14,0,1,0,1
claude-sonnet-4-20250514,0,1,4,1,17,1,1,1,0
claude-sonnet-4-20250514,0,2,4,1,14,1,1,1,0
claude-sonnet-4-20250514,1,1,4,1,17,1,1,1,0
claude-sonnet-4-20250514,1,2,4,2,13,1,1,1,0
claude-sonnet-4-20250514,2,1,4,1,17,1,1,1,0
deepseek-v3.1,0,1,1,1,27,1,1,1,0
deepseek-v3.1,0,2,1,2,12,1,1,1,0
devstral-small-2507,0,1,1,10,12,0,0,1,1
devstral-small-2507,1,1,1,1,16,1,0,0,0
devstral-small-2507,2,1,1,1,16,1,0,0,0
devstral-small-2507,3,1,1,1,14,1,0,0,0
devstral-small-2507,0,1,2,1,15,1,0,0,0
devstral-small-2507,1,1,2,1,15,1,0,0,0
devstral-small-2507,0,1,1,1,15,1,0,0,0
devstral-small-2507,1,1,1,10,7,0,0,1,1
deepseek-v3.1,0,1,1,1,50,1,1,1,0
deepseek-v3.1,0,2,1,10,1,0,0,1,1
deepseek-v3.1,1,1,1,1,15,1,1,1,0
deepseek-v3.1,1,2,1,2,12,1,1,1,0
deepseek-v3.1,2,1,1,1,15,1,1,1,0
deepseek-v3.1,2,2,1,1,13,1,1,1,0
deepseek-v3.1,3,1,1,1,28,1,1,1,0
deepseek-v3.1,3,2,1,2,13,1,1,1,0
deepseek-v3.1,0,1,2,1,33,1,1,1,0
deepseek-v3.1,0,2,2,2,12,1,1,1,0
deepseek-v3.1,1,1,2,1,27,1,1,1,0
deepseek-v3.1,1,2,2,10,1,0,0,1,1
deepseek-v3.1,2,1,2,1,13,1,1,1,0
deepseek-v3.1,2,2,2,2,11,1,1,1,0
deepseek-v3.1,3,1,2,1,16,1,1,1,0
deepseek-v3.1,3,2,2,10,1,0,0,1,1
deepseek-v3.1,0,1,3,1,16,1,1,1,0
deepseek-v3.1,0,2,3,2,13,1,1,1,0
deepseek-v3.1,1,1,3,1,27,1,1,1,0
deepseek-v3.1,1,2,3,1,13,1,1,1,0
deepseek-v3.1,2,1,3,1,16,1,1,1,0
deepseek-v3.1,2,2,3,3,13,1,1,1,0
deepseek-v3.1,3,1,3,1,26,1,1,1,0
deepseek-v3.1,3,2,3,2,12,1,1,1,0
deepseek-v3.1,0,1,4,1,31,1,1,1,0
deepseek-v3.1,0,2,4,2,11,1,1,1,0
deepseek-v3.1,1,1,4,1,28,1,1,1,0
deepseek-v3.1,1,2,4,1,12,1,1,1,0
deepseek-v3.1,2,1,4,1,22,1,1,1,0
deepseek-v3.1,2,2,4,2,11,1,1,1,0
deepseek-v3.1,3,1,4,1,14,1,1,1,0
deepseek-v3.1,3,2,4,1,12,1,1,1,0
deepseek-v3.1,0,1,5,1,13,1,1,1,0
deepseek-v3.1,0,2,5,2,24,1,1,1,0
deepseek-v3.1,1,1,5,1,15,1,1,1,0
deepseek-v3.1,1,2,5,9,11,1,1,1,0
deepseek-v3.1,2,1,5,1,14,1,1,1,0
deepseek-v3.1,2,2,5,1,12,1,1,1,0
deepseek-v3.1,3,1,5,1,13,1,1,1,0
deepseek-v3.1,3,2,5,2,12,1,1,1,0
deepseek-v3.1,0,1,6,1,28,1,1,1,0
deepseek-v3.1,0,2,6,2,13,1,1,1,0
deepseek-v3.1,1,1,6,1,13,1,1,1,0
deepseek-v3.1,1,2,6,1,12,1,1,1,0
deepseek-v3.1,2,1,6,1,13,1,1,1,0
deepseek-v3.1,2,2,6,2,12,1,1,1,0
deepseek-v3.1,3,1,6,1,14,1,1,1,0
deepseek-v3.1,3,2,6,2,12,1,1,1,0
deepseek-v3.1,0,1,7,1,13,1,1,1,0
deepseek-v3.1,0,2,7,1,13,1,1,1,0
deepseek-v3.1,1,1,7,1,15,1,1,1,0
deepseek-v3.1,1,2,7,2,12,1,1,1,0
deepseek-v3.1,2,1,7,1,29,1,1,1,0
deepseek-v3.1,2,2,7,10,1,0,0,1,1
deepseek-v3.1,3,1,7,1,15,1,1,1,0
deepseek-v3.1,3,2,7,2,13,1,1,1,0
deepseek-v3.1,0,1,8,1,24,1,1,1,0
deepseek-v3.1,0,2,8,10,1,0,0,1,1
deepseek-v3.1,1,1,8,1,14,1,1,1,0
deepseek-v3.1,1,2,8,2,13,1,1,1,0
deepseek-v3.1,2,1,8,1,14,1,1,1,0
deepseek-v3.1,2,2,8,7,12,1,1,1,0
deepseek-v3.1,3,1,8,1,14,1,1,1,0
deepseek-v3.1,3,2,8,1,12,1,1,1,0
deepseek-v3.1,0,1,9,1,17,1,1,1,0
deepseek-v3.1,0,2,9,2,16,1,1,1,0
deepseek-v3.1,1,1,9,1,26,1,1,1,0
deepseek-v3.1,1,2,9,10,1,0,0,1,1
deepseek-v3.1,2,1,9,1,14,1,1,1,0
deepseek-v3.1,2,2,9,2,12,1,1,1,0
deepseek-v3.1,3,1,9,1,14,1,1,1,0
deepseek-v3.1,3,2,9,2,12,1,1,1,0
deepseek-v3.1,0,1,10,1,26,1,1,1,0
deepseek-v3.1,0,2,10,2,11,1,1,1,0
deepseek-v3.1,1,1,10,1,14,1,1,1,0
deepseek-v3.1,1,2,10,2,12,1,1,1,0
deepseek-v3.1,2,1,10,1,13,1,1,1,0
deepseek-v3.1,2,2,10,2,12,1,1,1,0
deepseek-v3.1,3,1,10,1,20,1,1,1,0
deepseek-v3.1,3,2,10,10,1,0,0,1,1
deepseek-v3.1,0,1,11,1,14,1,1,1,0
deepseek-v3.1,0,2,11,1,12,1,1,1,0
deepseek-v3.1,1,1,11,1,15,1,1,1,0
deepseek-v3.1,1,2,11,1,14,1,1,1,0
deepseek-v3.1,2,1,11,1,15,1,1,1,0
deepseek-v3.1,2,2,11,1,14,1,1,1,0
deepseek-v3.1,3,1,11,1,29,1,1,1,0
deepseek-v3.1,3,2,11,10,1,0,0,1,1
deepseek-v3.1,0,1,12,1,14,1,1,1,0
deepseek-v3.1,0,2,12,2,12,1,1,1,0
deepseek-v3.1,1,1,12,1,14,1,1,1,0
deepseek-v3.1,1,2,12,3,11,1,1,1,0
deepseek-v3.1,2,1,12,1,14,1,1,1,0
deepseek-v3.1,2,2,12,2,13,1,1,1,0
deepseek-v3.1,3,1,12,1,32,1,1,1,0
deepseek-v3.1,3,2,12,2,13,1,1,1,0
deepseek-v3.1,0,1,13,1,24,1,1,1,0
deepseek-v3.1,0,2,13,10,1,0,0,1,1
deepseek-v3.1,1,1,13,1,32,1,1,1,0
deepseek-v3.1,1,2,13,2,13,1,1,1,0
deepseek-v3.1,2,1,13,1,15,1,1,1,0
deepseek-v3.1,2,2,13,1,14,1,1,1,0
deepseek-v3.1,3,1,13,1,14,1,1,1,0
deepseek-v3.1,3,2,13,1,14,1,1,1,0
deepseek-v3.1,0,1,14,1,14,1,1,1,0
deepseek-v3.1,0,2,14,1,18,1,1,1,0
deepseek-v3.1,1,1,14,1,17,1,1,1,0
deepseek-v3.1,1,2,14,2,12,1,1,1,0
deepseek-v3.1,2,1,14,1,14,1,1,1,0
deepseek-v3.1,2,2,14,1,12,1,1,1,0
deepseek-v3.1,3,1,14,1,14,1,1,1,0
deepseek-v3.1,3,2,14,2,12,1,1,1,0
deepseek-v3.1,0,1,15,1,14,1,1,1,0
deepseek-v3.1,0,2,15,2,12,1,1,1,0
deepseek-v3.1,1,1,15,1,27,1,1,1,0
deepseek-v3.1,1,2,15,10,1,0,0,1,1
deepseek-v3.1,2,1,15,1,27,1,1,1,0
deepseek-v3.1,2,2,15,1,12,1,1,1,0
deepseek-v3.1,3,1,15,1,14,1,1,1,0
deepseek-v3.1,3,2,15,1,15,1,1,1,0
deepseek-v3.1,0,1,16,1,17,1,1,1,0
deepseek-v3.1,0,2,16,9,13,1,1,1,0
deepseek-v3.1,1,1,16,1,14,1,1,1,0
deepseek-v3.1,1,2,16,2,12,1,1,1,0
deepseek-v3.1,2,1,16,1,16,1,1,1,0
deepseek-v3.1,2,2,16,8,13,1,1,1,0
deepseek-v3.1,3,1,16,1,16,1,1,1,0
deepseek-v3.1,3,2,16,2,13,1,1,1,0
deepseek-v3.1,0,1,17,1,13,1,1,1,0
deepseek-v3.1,0,2,17,2,11,1,1,1,0
deepseek-v3.1,1,1,17,1,15,1,1,1,0
deepseek-v3.1,1,2,17,1,13,1,1,1,0
deepseek-v3.1,2,1,17,1,14,1,1,1,0
deepseek-v3.1,2,2,17,1,13,1,1,1,0
deepseek-v3.1,3,1,17,1,14,1,1,1,0
deepseek-v3.1,3,2,17,2,12,1,1,1,0
deepseek-v3.1,0,1,18,1,14,1,1,1,0
deepseek-v3.1,0,2,18,1,12,1,1,1,0
deepseek-v3.1,1,1,18,1,14,1,1,1,0
deepseek-v3.1,1,2,18,1,12,1,1,1,0
deepseek-v3.1,2,1,18,1,13,1,1,1,0
deepseek-v3.1,2,2,18,2,12,1,1,1,0
deepseek-v3.1,3,1,18,1,27,1,1,1,0
deepseek-v3.1,3,2,18,10,1,0,0,1,1
deepseek-v3.1,0,1,19,1,28,1,1,1,0
deepseek-v3.1,0,2,19,2,12,1,1,1,0
deepseek-v3.1,1,1,19,1,26,1,1,1,0
deepseek-v3.1,1,2,19,2,11,1,1,1,0
deepseek-v3.1,2,1,19,1,26,1,1,1,0
deepseek-v3.1,2,2,19,2,12,1,1,1,0
deepseek-v3.1,3,1,19,1,15,1,1,1,0
deepseek-v3.1,3,2,19,2,13,1,1,1,0
deepseek-v3.1,0,1,20,1,26,1,1,1,0
deepseek-v3.1,0,2,20,2,12,1,1,1,0
deepseek-v3.1,1,1,20,1,26,1,1,1,0
deepseek-v3.1,1,2,20,2,12,1,1,1,0
deepseek-v3.1,2,1,20,1,27,1,1,1,0
deepseek-v3.1,2,2,20,2,12,1,1,1,0
deepseek-v3.1,3,1,20,1,16,1,1,1,0
deepseek-v3.1,3,2,20,2,13,1,1,1,0
deepseek-v3.1,0,1,21,1,15,1,1,1,0
deepseek-v3.1,0,2,21,2,15,1,1,1,0
deepseek-v3.1,1,1,21,1,15,1,1,1,0
deepseek-v3.1,1,2,21,1,12,1,1,1,0
deepseek-v3.1,2,1,21,1,14,1,1,1,0
deepseek-v3.1,2,2,21,1,12,1,1,1,0
deepseek-v3.1,3,1,21,1,14,1,1,1,0
deepseek-v3.1,3,2,21,2,13,1,1,1,0
deepseek-v3.1,0,1,22,1,32,1,1,1,0
deepseek-v3.1,0,2,22,10,1,0,0,1,1
deepseek-v3.1,1,1,22,1,17,1,1,1,0
deepseek-v3.1,1,2,22,2,13,1,1,1,0
deepseek-v3.1,2,1,22,1,26,1,1,1,0
deepseek-v3.1,2,2,22,2,16,1,1,1,0
deepseek-v3.1,3,1,22,1,27,1,1,1,0
deepseek-v3.1,3,2,22,1,12,1,1,1,0
deepseek-v3.1,0,1,23,1,15,1,1,1,0
deepseek-v3.1,0,2,23,2,12,1,1,1,0
deepseek-v3.1,1,1,23,1,32,1,1,1,0
deepseek-v3.1,1,2,23,2,12,1,1,1,0
deepseek-v3.1,2,1,23,1,26,1,1,1,0
deepseek-v3.1,2,2,23,2,12,1,1,1,0
deepseek-v3.1,3,1,23,1,15,1,1,1,0
deepseek-v3.1,3,2,23,1,13,1,1,1,0
deepseek-v3.1,0,1,24,1,14,1,1,1,0
deepseek-v3.1,0,2,24,2,12,1,1,1,0
deepseek-v3.1,1,1,24,1,16,1,1,1,0
deepseek-v3.1,1,2,24,2,12,1,1,1,0
deepseek-v3.1,2,1,24,1,28,1,1,1,0
deepseek-v3.1,2,2,24,1,13,1,1,1,0
deepseek-v3.1,3,1,24,1,15,1,1,1,0
deepseek-v3.1,3,2,24,10,1,0,0,1,1
deepseek-v3.1,0,1,25,1,16,1,1,1,0
deepseek-v3.1,0,2,25,2,13,1,1,1,0
deepseek-v3.1,1,1,25,1,21,1,1,1,0
deepseek-v3.1,1,2,25,10,1,0,0,1,1
deepseek-v3.1,2,1,25,1,13,1,1,1,0
deepseek-v3.1,2,2,25,2,11,1,1,1,0
deepseek-v3.1,3,1,25,1,14,1,1,1,0
deepseek-v3.1,3,2,25,1,13,1,1,1,0
deepseek-v3.1,0,1,26,1,26,1,1,1,0
deepseek-v3.1,0,2,26,1,13,1,1,1,0
deepseek-v3.1,1,1,26,1,13,1,1,1,0
deepseek-v3.1,1,2,26,7,11,1,1,1,0
deepseek-v3.1,2,1,26,1,14,1,1,1,0
deepseek-v3.1,2,2,26,1,12,1,1,1,0
deepseek-v3.1,3,1,26,1,27,1,1,1,0
deepseek-v3.1,3,2,26,2,12,1,1,1,0
deepseek-v3.1,0,1,27,1,27,1,1,1,0
deepseek-v3.1,0,2,27,1,12,1,1,1,0
deepseek-v3.1,1,1,27,1,27,1,1,1,0
deepseek-v3.1,1,2,27,2,12,1,1,1,0
deepseek-v3.1,2,1,27,1,16,1,1,1,0
deepseek-v3.1,2,2,27,3,14,1,1,1,0
deepseek-v3.1,3,1,27,1,27,1,1,1,0
deepseek-v3.1,3,2,27,2,16,1,1,1,0
deepseek-v3.1,0,1,28,1,15,1,1,1,0
deepseek-v3.1,0,2,28,2,12,1,1,1,0
deepseek-v3.1,1,1,28,1,15,1,1,1,0
deepseek-v3.1,1,2,28,1,13,1,1,1,0
deepseek-v3.1,2,1,28,1,16,1,1,1,0
deepseek-v3.1,2,2,28,2,13,1,1,1,0
deepseek-v3.1,3,1,28,1,15,1,1,1,0
deepseek-v3.1,3,2,28,2,12,1,1,1,0
deepseek-v3.1,0,1,29,1,26,1,1,1,0
deepseek-v3.1,0,2,29,2,11,1,1,1,0
deepseek-v3.1,1,1,29,1,27,1,1,1,0
deepseek-v3.1,1,2,29,1,12,1,1,1,0
deepseek-v3.1,2,1,29,1,16,1,1,1,0
deepseek-v3.1,2,2,29,1,14,1,1,1,0
deepseek-v3.1,3,1,29,1,13,1,1,1,0
deepseek-v3.1,3,2,29,2,13,1,1,1,0
deepseek-v3.1,0,1,30,1,32,1,1,1,0
deepseek-v3.1,0,2,30,2,12,1,1,1,0
deepseek-v3.1,1,1,30,1,14,1,1,1,0
deepseek-v3.1,1,2,30,1,12,1,1,1,0
deepseek-v3.1,2,1,30,1,14,1,1,1,0
deepseek-v3.1,2,2,30,2,12,1,1,1,0
deepseek-v3.1,3,1,30,1,16,1,1,1,0
deepseek-v3.1,3,2,30,8,13,1,1,1,0
deepseek-v3.1,0,1,31,1,28,1,1,1,0
deepseek-v3.1,0,2,31,10,1,0,0,1,1
deepseek-v3.1,1,1,31,1,26,1,1,1,0
deepseek-v3.1,1,2,31,2,11,1,1,1,0
deepseek-v3.1,2,1,31,1,19,1,1,1,0
deepseek-v3.1,2,2,31,10,1,0,0,1,1
